method_id,method_name,N,thread_count,team_count,set,run,delaylength,outerreps,exec_time_us
9,"teams reduction",16,32,132,0,0,7,0,26.404857635
9,"teams reduction",16,32,132,0,0,114,0,26.297569275
9,"teams reduction",16,32,132,0,0,3,0,26.404857635
9,"teams reduction",16,32,132,0,0,17,0,26.297569275
9,"teams reduction",16,32,132,0,0,1,0,26.345252991
9,"teams reduction",16,32,132,0,0,44,0,25.999546051
9,"teams reduction",16,32,132,0,0,294,0,27.203559875
9,"teams reduction",16,32,132,0,0,3140,0,46.348571777
9,"teams reduction",16,32,132,0,0,4,0,26.202201843
9,"teams reduction",16,32,132,0,0,1955,0,38.051605225
9,"teams reduction",16,32,132,0,0,183,0,26.500225067
9,"teams reduction",16,32,132,0,0,8096,0,79.095363617
9,"teams reduction",16,32,132,0,0,758,0,30.100345612
9,"teams reduction",16,32,132,0,0,71,0,26.142597198
9,"teams reduction",16,32,132,0,0,2,0,25.999546051
9,"teams reduction",16,32,132,0,0,11,0,26.094913483
9,"teams reduction",16,32,132,0,0,28,0,26.249885559
9,"teams reduction",16,32,132,0,0,5042,0,59.294700623
9,"teams reduction",16,32,132,0,0,1218,0,33.640861511
9,"teams reduction",16,32,132,0,0,472,0,28.300285339
9,"teams reduction",16,32,132,0,1,4,0,26.094913483
9,"teams reduction",16,32,132,0,1,1,0,26.106834412
9,"teams reduction",16,32,132,0,1,17,0,26.357173920
9,"teams reduction",16,32,132,0,1,28,0,26.047229767
9,"teams reduction",16,32,132,0,1,11,0,26.297569275
9,"teams reduction",16,32,132,0,1,3140,0,46.348571777
9,"teams reduction",16,32,132,0,1,2,0,26.500225067
9,"teams reduction",16,32,132,0,1,758,0,30.803680420
9,"teams reduction",16,32,132,0,1,1218,0,33.402442932
9,"teams reduction",16,32,132,0,1,44,0,25.999546051
9,"teams reduction",16,32,132,0,1,71,0,26.094913483
9,"teams reduction",16,32,132,0,1,114,0,26.249885559
9,"teams reduction",16,32,132,0,1,294,0,27.453899384
9,"teams reduction",16,32,132,0,1,7,0,26.440620422
9,"teams reduction",16,32,132,0,1,183,0,26.547908783
9,"teams reduction",16,32,132,0,1,8096,0,79.107284546
9,"teams reduction",16,32,132,0,1,472,0,28.407573700
9,"teams reduction",16,32,132,0,1,1955,0,38.361549377
9,"teams reduction",16,32,132,0,1,3,0,26.154518127
9,"teams reduction",16,32,132,0,1,5042,0,59.449672699
9,"teams reduction",16,32,132,0,2,3,0,26.297569275
9,"teams reduction",16,32,132,0,2,44,0,26.452541351
9,"teams reduction",16,32,132,0,2,1,0,26.190280914
9,"teams reduction",16,32,132,0,2,183,0,26.559829712
9,"teams reduction",16,32,132,0,2,294,0,27.358531952
9,"teams reduction",16,32,132,0,2,5042,0,58.794021606
9,"teams reduction",16,32,132,0,2,7,0,26.297569275
9,"teams reduction",16,32,132,0,2,8096,0,78.845024109
9,"teams reduction",16,32,132,0,2,2,0,26.106834412
9,"teams reduction",16,32,132,0,2,114,0,26.249885559
9,"teams reduction",16,32,132,0,2,71,0,26.440620422
9,"teams reduction",16,32,132,0,2,1955,0,38.349628448
9,"teams reduction",16,32,132,0,2,17,0,25.999546051
9,"teams reduction",16,32,132,0,2,472,0,28.300285339
9,"teams reduction",16,32,132,0,2,11,0,26.094913483
9,"teams reduction",16,32,132,0,2,1218,0,33.557415009
9,"teams reduction",16,32,132,0,2,4,0,26.345252991
9,"teams reduction",16,32,132,0,2,3140,0,46.050548553
9,"teams reduction",16,32,132,0,2,758,0,30.493736267
9,"teams reduction",16,32,132,0,2,28,0,26.202201843
9,"teams reduction",16,32,132,0,3,11,0,26.202201843
9,"teams reduction",16,32,132,0,3,4,0,26.106834412
9,"teams reduction",16,32,132,0,3,5042,0,58.603286743
9,"teams reduction",16,32,132,0,3,183,0,26.547908783
9,"teams reduction",16,32,132,0,3,17,0,26.190280914
9,"teams reduction",16,32,132,0,3,3,0,26.142597198
9,"teams reduction",16,32,132,0,3,28,0,26.345252991
9,"teams reduction",16,32,132,0,3,1218,0,33.295154572
9,"teams reduction",16,32,132,0,3,114,0,26.297569275
9,"teams reduction",16,32,132,0,3,758,0,30.148029327
9,"teams reduction",16,32,132,0,3,1955,0,38.492679596
9,"teams reduction",16,32,132,0,3,472,0,28.693675995
9,"teams reduction",16,32,132,0,3,7,0,26.297569275
9,"teams reduction",16,32,132,0,3,44,0,26.607513428
9,"teams reduction",16,32,132,0,3,3140,0,46.706199646
9,"teams reduction",16,32,132,0,3,8096,0,79.357624054
9,"teams reduction",16,32,132,0,3,71,0,26.297569275
9,"teams reduction",16,32,132,0,3,1,0,26.094913483
9,"teams reduction",16,32,132,0,3,2,0,25.951862335
9,"teams reduction",16,32,132,0,3,294,0,27.799606323
9,"teams reduction",16,32,132,0,4,3,0,26.202201843
9,"teams reduction",16,32,132,0,4,8096,0,79.607963562
9,"teams reduction",16,32,132,0,4,1,0,26.392936707
9,"teams reduction",16,32,132,0,4,28,0,26.249885559
9,"teams reduction",16,32,132,0,4,17,0,26.190280914
9,"teams reduction",16,32,132,0,4,5042,0,58.555603027
9,"teams reduction",16,32,132,0,4,7,0,26.202201843
9,"teams reduction",16,32,132,0,4,114,0,26.798248291
9,"teams reduction",16,32,132,0,4,44,0,26.297569275
9,"teams reduction",16,32,132,0,4,2,0,25.999546051
9,"teams reduction",16,32,132,0,4,294,0,27.096271515
9,"teams reduction",16,32,132,0,4,758,0,30.350685120
9,"teams reduction",16,32,132,0,4,183,0,26.392936707
9,"teams reduction",16,32,132,0,4,4,0,25.999546051
9,"teams reduction",16,32,132,0,4,1218,0,33.199787140
9,"teams reduction",16,32,132,0,4,71,0,26.297569275
9,"teams reduction",16,32,132,0,4,1955,0,38.409233093
9,"teams reduction",16,32,132,0,4,11,0,26.500225067
9,"teams reduction",16,32,132,0,4,472,0,28.645992279
9,"teams reduction",16,32,132,0,4,3140,0,46.551227570
9,"teams reduction",16,32,132,1,0,2,0,26.142597198
9,"teams reduction",16,32,132,1,0,4,0,26.142597198
9,"teams reduction",16,32,132,1,0,472,0,28.395652771
9,"teams reduction",16,32,132,1,0,3140,0,46.205520630
9,"teams reduction",16,32,132,1,0,183,0,27.203559875
9,"teams reduction",16,32,132,1,0,28,0,26.547908783
9,"teams reduction",16,32,132,1,0,71,0,27.000904083
9,"teams reduction",16,32,132,1,0,1218,0,33.497810364
9,"teams reduction",16,32,132,1,0,294,0,27.346611023
9,"teams reduction",16,32,132,1,0,1,0,26.297569275
9,"teams reduction",16,32,132,1,0,7,0,26.094913483
9,"teams reduction",16,32,132,1,0,1955,0,38.242340088
9,"teams reduction",16,32,132,1,0,758,0,30.303001404
9,"teams reduction",16,32,132,1,0,114,0,26.309490204
9,"teams reduction",16,32,132,1,0,11,0,26.297569275
9,"teams reduction",16,32,132,1,0,3,0,26.249885559
9,"teams reduction",16,32,132,1,0,8096,0,79.047679901
9,"teams reduction",16,32,132,1,0,44,0,26.154518127
9,"teams reduction",16,32,132,1,0,17,0,26.154518127
9,"teams reduction",16,32,132,1,0,5042,0,59.103965759
9,"teams reduction",16,32,132,1,1,758,0,30.601024628
9,"teams reduction",16,32,132,1,1,3,0,26.249885559
9,"teams reduction",16,32,132,1,1,3140,0,46.300888062
9,"teams reduction",16,32,132,1,1,1955,0,38.599967957
9,"teams reduction",16,32,132,1,1,44,0,26.392936707
9,"teams reduction",16,32,132,1,1,17,0,26.059150696
9,"teams reduction",16,32,132,1,1,294,0,27.000904083
9,"teams reduction",16,32,132,1,1,28,0,26.595592499
9,"teams reduction",16,32,132,1,1,114,0,26.357173920
9,"teams reduction",16,32,132,1,1,2,0,26.154518127
9,"teams reduction",16,32,132,1,1,7,0,26.249885559
9,"teams reduction",16,32,132,1,1,183,0,26.345252991
9,"teams reduction",16,32,132,1,1,8096,0,78.892707825
9,"teams reduction",16,32,132,1,1,11,0,26.154518127
9,"teams reduction",16,32,132,1,1,1,0,26.345252991
9,"teams reduction",16,32,132,1,1,1218,0,33.307075500
9,"teams reduction",16,32,132,1,1,472,0,28.407573700
9,"teams reduction",16,32,132,1,1,71,0,26.154518127
9,"teams reduction",16,32,132,1,1,5042,0,58.758258820
9,"teams reduction",16,32,132,1,1,4,0,26.249885559
9,"teams reduction",16,32,132,1,2,2,0,26.094913483
9,"teams reduction",16,32,132,1,2,71,0,26.106834412
9,"teams reduction",16,32,132,1,2,17,0,26.249885559
9,"teams reduction",16,32,132,1,2,472,0,28.347969055
9,"teams reduction",16,32,132,1,2,5042,0,58.758258820
9,"teams reduction",16,32,132,1,2,28,0,26.202201843
9,"teams reduction",16,32,132,1,2,44,0,26.047229767
9,"teams reduction",16,32,132,1,2,1218,0,33.402442932
9,"teams reduction",16,32,132,1,2,4,0,26.440620422
9,"teams reduction",16,32,132,1,2,1955,0,38.349628448
9,"teams reduction",16,32,132,1,2,183,0,26.750564575
9,"teams reduction",16,32,132,1,2,7,0,25.999546051
9,"teams reduction",16,32,132,1,2,758,0,30.255317688
9,"teams reduction",16,32,132,1,2,1,0,26.452541351
9,"teams reduction",16,32,132,1,2,3140,0,46.253204346
9,"teams reduction",16,32,132,1,2,8096,0,79.202651978
9,"teams reduction",16,32,132,1,2,3,0,26.297569275
9,"teams reduction",16,32,132,1,2,114,0,26.357173920
9,"teams reduction",16,32,132,1,2,11,0,26.142597198
9,"teams reduction",16,32,132,1,2,294,0,26.953220367
9,"teams reduction",16,32,132,1,3,1,0,26.094913483
9,"teams reduction",16,32,132,1,3,17,0,26.452541351
9,"teams reduction",16,32,132,1,3,294,0,27.346611023
9,"teams reduction",16,32,132,1,3,5042,0,58.853626251
9,"teams reduction",16,32,132,1,3,114,0,26.202201843
9,"teams reduction",16,32,132,1,3,28,0,26.249885559
9,"teams reduction",16,32,132,1,3,1218,0,33.152103424
9,"teams reduction",16,32,132,1,3,2,0,26.297569275
9,"teams reduction",16,32,132,1,3,3,0,26.500225067
9,"teams reduction",16,32,132,1,3,4,0,26.154518127
9,"teams reduction",16,32,132,1,3,758,0,30.946731567
9,"teams reduction",16,32,132,1,3,11,0,26.547908783
9,"teams reduction",16,32,132,1,3,44,0,26.404857635
9,"teams reduction",16,32,132,1,3,472,0,28.800964355
9,"teams reduction",16,32,132,1,3,7,0,26.190280914
9,"teams reduction",16,32,132,1,3,1955,0,37.944316864
9,"teams reduction",16,32,132,1,3,71,0,26.297569275
9,"teams reduction",16,32,132,1,3,183,0,26.452541351
9,"teams reduction",16,32,132,1,3,8096,0,79.047679901
9,"teams reduction",16,32,132,1,3,3140,0,46.253204346
9,"teams reduction",16,32,132,1,4,472,0,28.252601624
9,"teams reduction",16,32,132,1,4,71,0,25.749206543
9,"teams reduction",16,32,132,1,4,1,0,25.904178619
9,"teams reduction",16,32,132,1,4,11,0,26.094913483
9,"teams reduction",16,32,132,1,4,4,0,26.500225067
9,"teams reduction",16,32,132,1,4,3140,0,46.300888062
9,"teams reduction",16,32,132,1,4,28,0,25.999546051
9,"teams reduction",16,32,132,1,4,1218,0,33.199787140
9,"teams reduction",16,32,132,1,4,2,0,26.249885559
9,"teams reduction",16,32,132,1,4,183,0,27.000904083
9,"teams reduction",16,32,132,1,4,5042,0,58.448314667
9,"teams reduction",16,32,132,1,4,114,0,26.202201843
9,"teams reduction",16,32,132,1,4,3,0,26.702880859
9,"teams reduction",16,32,132,1,4,44,0,26.142597198
9,"teams reduction",16,32,132,1,4,758,0,30.648708344
9,"teams reduction",16,32,132,1,4,8096,0,78.856945038
9,"teams reduction",16,32,132,1,4,1955,0,38.301944733
9,"teams reduction",16,32,132,1,4,294,0,27.298927307
9,"teams reduction",16,32,132,1,4,7,0,26.345252991
9,"teams reduction",16,32,132,1,4,17,0,26.309490204
9,"teams reduction",64,32,132,0,0,7,0,58.543682098
9,"teams reduction",64,32,132,0,0,114,0,58.305263519
9,"teams reduction",64,32,132,0,0,3,0,57.756900787
9,"teams reduction",64,32,132,0,0,17,0,58.197975159
9,"teams reduction",64,32,132,0,0,1,0,57.649612427
9,"teams reduction",64,32,132,0,0,44,0,58.352947235
9,"teams reduction",64,32,132,0,0,294,0,58.996677399
9,"teams reduction",64,32,132,0,0,3140,0,77.295303345
9,"teams reduction",64,32,132,0,0,4,0,57.697296143
9,"teams reduction",64,32,132,0,0,1955,0,69.200992584
9,"teams reduction",64,32,132,0,0,183,0,58.054924011
9,"teams reduction",64,32,132,0,0,8096,0,110.292434692
9,"teams reduction",64,32,132,0,0,758,0,61.810016632
9,"teams reduction",64,32,132,0,0,71,0,58.400630951
9,"teams reduction",64,32,132,0,0,2,0,58.197975159
9,"teams reduction",64,32,132,0,0,11,0,57.947635651
9,"teams reduction",64,32,132,0,0,28,0,58.996677399
9,"teams reduction",64,32,132,0,0,5042,0,89.907646179
9,"teams reduction",64,32,132,0,0,1218,0,64.551830292
9,"teams reduction",64,32,132,0,0,472,0,59.545040131
9,"teams reduction",64,32,132,0,1,4,0,58.197975159
9,"teams reduction",64,32,132,0,1,1,0,58.555603027
9,"teams reduction",64,32,132,0,1,17,0,57.995319366
9,"teams reduction",64,32,132,0,1,28,0,58.138370514
9,"teams reduction",64,32,132,0,1,11,0,57.709217072
9,"teams reduction",64,32,132,0,1,3140,0,77.044963837
9,"teams reduction",64,32,132,0,1,2,0,58.305263519
9,"teams reduction",64,32,132,0,1,758,0,62.155723572
9,"teams reduction",64,32,132,0,1,1218,0,65.100193024
9,"teams reduction",64,32,132,0,1,44,0,58.090686798
9,"teams reduction",64,32,132,0,1,71,0,57.601928711
9,"teams reduction",64,32,132,0,1,114,0,57.744979858
9,"teams reduction",64,32,132,0,1,294,0,59.199333191
9,"teams reduction",64,32,132,0,1,7,0,57.756900787
9,"teams reduction",64,32,132,0,1,183,0,58.400630951
9,"teams reduction",64,32,132,0,1,8096,0,110.399723053
9,"teams reduction",64,32,132,0,1,472,0,59.556961060
9,"teams reduction",64,32,132,0,1,1955,0,69.904327393
9,"teams reduction",64,32,132,0,1,3,0,58.853626251
9,"teams reduction",64,32,132,0,1,5042,0,91.803073883
9,"teams reduction",64,32,132,0,2,3,0,58.257579803
9,"teams reduction",64,32,132,0,2,44,0,57.947635651
9,"teams reduction",64,32,132,0,2,1,0,58.197975159
9,"teams reduction",64,32,132,0,2,183,0,57.709217072
9,"teams reduction",64,32,132,0,2,294,0,58.758258820
9,"teams reduction",64,32,132,0,2,5042,0,89.848041534
9,"teams reduction",64,32,132,0,2,7,0,57.697296143
9,"teams reduction",64,32,132,0,2,8096,0,110.399723053
9,"teams reduction",64,32,132,0,2,2,0,58.650970459
9,"teams reduction",64,32,132,0,2,114,0,57.804584503
9,"teams reduction",64,32,132,0,2,71,0,57.446956635
9,"teams reduction",64,32,132,0,2,1955,0,69.141387939
9,"teams reduction",64,32,132,0,2,17,0,57.601928711
9,"teams reduction",64,32,132,0,2,472,0,59.497356415
9,"teams reduction",64,32,132,0,2,11,0,57.947635651
9,"teams reduction",64,32,132,0,2,1218,0,65.553188324
9,"teams reduction",64,32,132,0,2,4,0,58.197975159
9,"teams reduction",64,32,132,0,2,3140,0,77.795982361
9,"teams reduction",64,32,132,0,2,758,0,61.941146851
9,"teams reduction",64,32,132,0,2,28,0,58.209896088
9,"teams reduction",64,32,132,0,3,11,0,57.899951935
9,"teams reduction",64,32,132,0,3,4,0,58.853626251
9,"teams reduction",64,32,132,0,3,5042,0,90.754032135
9,"teams reduction",64,32,132,0,3,183,0,58.102607727
9,"teams reduction",64,32,132,0,3,17,0,57.697296143
9,"teams reduction",64,32,132,0,3,3,0,57.697296143
9,"teams reduction",64,32,132,0,3,28,0,57.542324066
9,"teams reduction",64,32,132,0,3,1218,0,64.456462860
9,"teams reduction",64,32,132,0,3,114,0,58.197975159
9,"teams reduction",64,32,132,0,3,758,0,61.702728271
9,"teams reduction",64,32,132,0,3,1955,0,70.202350616
9,"teams reduction",64,32,132,0,3,472,0,59.509277344
9,"teams reduction",64,32,132,0,3,7,0,58.901309967
9,"teams reduction",64,32,132,0,3,44,0,58.150291443
9,"teams reduction",64,32,132,0,3,3140,0,77.641010284
9,"teams reduction",64,32,132,0,3,8096,0,110.650062561
9,"teams reduction",64,32,132,0,3,71,0,57.852268219
9,"teams reduction",64,32,132,0,3,1,0,58.197975159
9,"teams reduction",64,32,132,0,3,2,0,57.601928711
9,"teams reduction",64,32,132,0,3,294,0,58.293342590
9,"teams reduction",64,32,132,0,4,3,0,57.697296143
9,"teams reduction",64,32,132,0,4,8096,0,109.696388245
9,"teams reduction",64,32,132,0,4,1,0,57.554244995
9,"teams reduction",64,32,132,0,4,28,0,57.601928711
9,"teams reduction",64,32,132,0,4,17,0,57.852268219
9,"teams reduction",64,32,132,0,4,5042,0,89.800357819
9,"teams reduction",64,32,132,0,4,7,0,57.792663574
9,"teams reduction",64,32,132,0,4,114,0,57.995319366
9,"teams reduction",64,32,132,0,4,44,0,57.995319366
9,"teams reduction",64,32,132,0,4,2,0,58.138370514
9,"teams reduction",64,32,132,0,4,294,0,58.197975159
9,"teams reduction",64,32,132,0,4,758,0,61.202049255
9,"teams reduction",64,32,132,0,4,183,0,57.709217072
9,"teams reduction",64,32,132,0,4,4,0,57.852268219
9,"teams reduction",64,32,132,0,4,1218,0,64.456462860
9,"teams reduction",64,32,132,0,4,71,0,57.947635651
9,"teams reduction",64,32,132,0,4,1955,0,69.749355316
9,"teams reduction",64,32,132,0,4,11,0,58.150291443
9,"teams reduction",64,32,132,0,4,472,0,59.401988983
9,"teams reduction",64,32,132,0,4,3140,0,77.152252197
9,"teams reduction",64,32,132,1,0,2,0,58.090686798
9,"teams reduction",64,32,132,1,0,4,0,57.852268219
9,"teams reduction",64,32,132,1,0,472,0,59.545040131
9,"teams reduction",64,32,132,1,0,3140,0,78.248977661
9,"teams reduction",64,32,132,1,0,183,0,57.899951935
9,"teams reduction",64,32,132,1,0,28,0,58.054924011
9,"teams reduction",64,32,132,1,0,71,0,57.792663574
9,"teams reduction",64,32,132,1,0,1218,0,64.694881439
9,"teams reduction",64,32,132,1,0,294,0,58.805942535
9,"teams reduction",64,32,132,1,0,1,0,58.007240295
9,"teams reduction",64,32,132,1,0,7,0,58.209896088
9,"teams reduction",64,32,132,1,0,1955,0,69.344043732
9,"teams reduction",64,32,132,1,0,758,0,61.500072479
9,"teams reduction",64,32,132,1,0,114,0,58.043003082
9,"teams reduction",64,32,132,1,0,11,0,57.804584503
9,"teams reduction",64,32,132,1,0,3,0,57.697296143
9,"teams reduction",64,32,132,1,0,8096,0,110.149383545
9,"teams reduction",64,32,132,1,0,44,0,57.649612427
9,"teams reduction",64,32,132,1,0,17,0,58.150291443
9,"teams reduction",64,32,132,1,0,5042,0,89.609622955
9,"teams reduction",64,32,132,1,1,758,0,61.547756195
9,"teams reduction",64,32,132,1,1,3,0,57.804584503
9,"teams reduction",64,32,132,1,1,3140,0,76.949596405
9,"teams reduction",64,32,132,1,1,1955,0,69.296360016
9,"teams reduction",64,32,132,1,1,44,0,57.995319366
9,"teams reduction",64,32,132,1,1,17,0,57.744979858
9,"teams reduction",64,32,132,1,1,294,0,58.245658875
9,"teams reduction",64,32,132,1,1,28,0,57.744979858
9,"teams reduction",64,32,132,1,1,114,0,57.554244995
9,"teams reduction",64,32,132,1,1,2,0,58.400630951
9,"teams reduction",64,32,132,1,1,7,0,57.792663574
9,"teams reduction",64,32,132,1,1,183,0,57.792663574
9,"teams reduction",64,32,132,1,1,8096,0,110.054016113
9,"teams reduction",64,32,132,1,1,11,0,57.792663574
9,"teams reduction",64,32,132,1,1,1,0,57.995319366
9,"teams reduction",64,32,132,1,1,1218,0,64.492225647
9,"teams reduction",64,32,132,1,1,472,0,59.807300568
9,"teams reduction",64,32,132,1,1,71,0,57.899951935
9,"teams reduction",64,32,132,1,1,5042,0,89.895725250
9,"teams reduction",64,32,132,1,1,4,0,57.947635651
9,"teams reduction",64,32,132,1,2,2,0,57.744979858
9,"teams reduction",64,32,132,1,2,71,0,58.197975159
9,"teams reduction",64,32,132,1,2,17,0,58.043003082
9,"teams reduction",64,32,132,1,2,472,0,59.449672699
9,"teams reduction",64,32,132,1,2,5042,0,90.396404266
9,"teams reduction",64,32,132,1,2,28,0,58.495998383
9,"teams reduction",64,32,132,1,2,44,0,57.697296143
9,"teams reduction",64,32,132,1,2,1218,0,64.599514008
9,"teams reduction",64,32,132,1,2,4,0,58.102607727
9,"teams reduction",64,32,132,1,2,1955,0,69.296360016
9,"teams reduction",64,32,132,1,2,183,0,57.899951935
9,"teams reduction",64,32,132,1,2,7,0,57.697296143
9,"teams reduction",64,32,132,1,2,758,0,61.988830566
9,"teams reduction",64,32,132,1,2,1,0,57.852268219
9,"teams reduction",64,32,132,1,2,3140,0,77.593326569
9,"teams reduction",64,32,132,1,2,8096,0,110.197067261
9,"teams reduction",64,32,132,1,2,3,0,58.102607727
9,"teams reduction",64,32,132,1,2,114,0,57.649612427
9,"teams reduction",64,32,132,1,2,11,0,57.947635651
9,"teams reduction",64,32,132,1,2,294,0,59.151649475
9,"teams reduction",64,32,132,1,3,1,0,57.792663574
9,"teams reduction",64,32,132,1,3,17,0,57.649612427
9,"teams reduction",64,32,132,1,3,294,0,58.352947235
9,"teams reduction",64,32,132,1,3,5042,0,89.704990387
9,"teams reduction",64,32,132,1,3,114,0,57.899951935
9,"teams reduction",64,32,132,1,3,28,0,57.947635651
9,"teams reduction",64,32,132,1,3,1218,0,64.396858215
9,"teams reduction",64,32,132,1,3,2,0,57.744979858
9,"teams reduction",64,32,132,1,3,3,0,57.554244995
9,"teams reduction",64,32,132,1,3,4,0,57.649612427
9,"teams reduction",64,32,132,1,3,758,0,61.392784119
9,"teams reduction",64,32,132,1,3,11,0,57.947635651
9,"teams reduction",64,32,132,1,3,44,0,57.744979858
9,"teams reduction",64,32,132,1,3,472,0,59.592723846
9,"teams reduction",64,32,132,1,3,7,0,58.293342590
9,"teams reduction",64,32,132,1,3,1955,0,70.047378540
9,"teams reduction",64,32,132,1,3,71,0,57.649612427
9,"teams reduction",64,32,132,1,3,183,0,57.947635651
9,"teams reduction",64,32,132,1,3,8096,0,110.292434692
9,"teams reduction",64,32,132,1,3,3140,0,77.247619629
9,"teams reduction",64,32,132,1,4,472,0,59.354305267
9,"teams reduction",64,32,132,1,4,71,0,57.792663574
9,"teams reduction",64,32,132,1,4,1,0,57.756900787
9,"teams reduction",64,32,132,1,4,11,0,57.601928711
9,"teams reduction",64,32,132,1,4,4,0,57.899951935
9,"teams reduction",64,32,132,1,4,3140,0,77.497959137
9,"teams reduction",64,32,132,1,4,28,0,57.792663574
9,"teams reduction",64,32,132,1,4,1218,0,65.052509308
9,"teams reduction",64,32,132,1,4,2,0,57.744979858
9,"teams reduction",64,32,132,1,4,183,0,57.840347290
9,"teams reduction",64,32,132,1,4,5042,0,89.752674103
9,"teams reduction",64,32,132,1,4,114,0,57.840347290
9,"teams reduction",64,32,132,1,4,3,0,57.506561279
9,"teams reduction",64,32,132,1,4,44,0,57.601928711
9,"teams reduction",64,32,132,1,4,758,0,61.750411987
9,"teams reduction",64,32,132,1,4,8096,0,110.244750977
9,"teams reduction",64,32,132,1,4,1955,0,69.391727448
9,"teams reduction",64,32,132,1,4,294,0,58.305263519
9,"teams reduction",64,32,132,1,4,7,0,58.245658875
9,"teams reduction",64,32,132,1,4,17,0,57.697296143
9,"teams reduction",256,32,132,0,0,7,0,172.746181488
9,"teams reduction",256,32,132,0,0,114,0,173.044204712
9,"teams reduction",256,32,132,0,0,3,0,172.805786133
9,"teams reduction",256,32,132,0,0,17,0,172.495841980
9,"teams reduction",256,32,132,0,0,1,0,171.947479248
9,"teams reduction",256,32,132,0,0,44,0,172.793865204
9,"teams reduction",256,32,132,0,0,294,0,173.199176788
9,"teams reduction",256,32,132,0,0,3140,0,192.344188690
9,"teams reduction",256,32,132,0,0,4,0,172.448158264
9,"teams reduction",256,32,132,0,0,1955,0,184.500217438
9,"teams reduction",256,32,132,0,0,183,0,173.306465149
9,"teams reduction",256,32,132,0,0,8096,0,225.448608398
9,"teams reduction",256,32,132,0,0,758,0,176.703929901
9,"teams reduction",256,32,132,0,0,71,0,172.150135040
9,"teams reduction",256,32,132,0,0,2,0,173.890590668
9,"teams reduction",256,32,132,0,0,11,0,172.448158264
9,"teams reduction",256,32,132,0,0,28,0,172.996520996
9,"teams reduction",256,32,132,0,0,5042,0,204.241275787
9,"teams reduction",256,32,132,0,0,1218,0,179.195404053
9,"teams reduction",256,32,132,0,0,472,0,173.902511597
9,"teams reduction",256,32,132,0,1,4,0,172.400474548
9,"teams reduction",256,32,132,0,1,1,0,171.899795532
9,"teams reduction",256,32,132,0,1,17,0,171.649456024
9,"teams reduction",256,32,132,0,1,28,0,172.150135040
9,"teams reduction",256,32,132,0,1,11,0,171.804428101
9,"teams reduction",256,32,132,0,1,3140,0,192.058086395
9,"teams reduction",256,32,132,0,1,2,0,171.947479248
9,"teams reduction",256,32,132,0,1,758,0,176.751613617
9,"teams reduction",256,32,132,0,1,1218,0,179.660320282
9,"teams reduction",256,32,132,0,1,44,0,172.603130341
9,"teams reduction",256,32,132,0,1,71,0,172.197818756
9,"teams reduction",256,32,132,0,1,114,0,171.744823456
9,"teams reduction",256,32,132,0,1,294,0,173.091888428
9,"teams reduction",256,32,132,0,1,7,0,172.758102417
9,"teams reduction",256,32,132,0,1,183,0,172.603130341
9,"teams reduction",256,32,132,0,1,8096,0,224.697589874
9,"teams reduction",256,32,132,0,1,472,0,174.701213837
9,"teams reduction",256,32,132,0,1,1955,0,185.096263885
9,"teams reduction",256,32,132,0,1,3,0,172.245502472
9,"teams reduction",256,32,132,0,1,5042,0,204.706192017
9,"teams reduction",256,32,132,0,2,3,0,171.792507172
9,"teams reduction",256,32,132,0,2,44,0,171.792507172
9,"teams reduction",256,32,132,0,2,1,0,172.197818756
9,"teams reduction",256,32,132,0,2,183,0,172.746181488
9,"teams reduction",256,32,132,0,2,294,0,173.497200012
9,"teams reduction",256,32,132,0,2,5042,0,204.360485077
9,"teams reduction",256,32,132,0,2,7,0,172.448158264
9,"teams reduction",256,32,132,0,2,8096,0,224.900245667
9,"teams reduction",256,32,132,0,2,2,0,172.150135040
9,"teams reduction",256,32,132,0,2,114,0,172.507762909
9,"teams reduction",256,32,132,0,2,71,0,172.698497772
9,"teams reduction",256,32,132,0,2,1955,0,185.000896454
9,"teams reduction",256,32,132,0,2,17,0,172.495841980
9,"teams reduction",256,32,132,0,2,472,0,173.950195312
9,"teams reduction",256,32,132,0,2,11,0,171.852111816
9,"teams reduction",256,32,132,0,2,1218,0,179.255008698
9,"teams reduction",256,32,132,0,2,4,0,171.697139740
9,"teams reduction",256,32,132,0,2,3140,0,192.093849182
9,"teams reduction",256,32,132,0,2,758,0,176.656246185
9,"teams reduction",256,32,132,0,2,28,0,172.209739685
9,"teams reduction",256,32,132,0,3,11,0,171.804428101
9,"teams reduction",256,32,132,0,3,4,0,172.543525696
9,"teams reduction",256,32,132,0,3,5042,0,205.302238464
9,"teams reduction",256,32,132,0,3,183,0,173.652172089
9,"teams reduction",256,32,132,0,3,17,0,172.746181488
9,"teams reduction",256,32,132,0,3,3,0,172.293186188
9,"teams reduction",256,32,132,0,3,28,0,172.245502472
9,"teams reduction",256,32,132,0,3,1218,0,179.302692413
9,"teams reduction",256,32,132,0,3,114,0,171.744823456
9,"teams reduction",256,32,132,0,3,758,0,176.703929901
9,"teams reduction",256,32,132,0,3,1955,0,184.249877930
9,"teams reduction",256,32,132,0,3,472,0,174.105167389
9,"teams reduction",256,32,132,0,3,7,0,171.899795532
9,"teams reduction",256,32,132,0,3,44,0,171.589851379
9,"teams reduction",256,32,132,0,3,3140,0,192.654132843
9,"teams reduction",256,32,132,0,3,8096,0,224.649906158
9,"teams reduction",256,32,132,0,3,71,0,172.543525696
9,"teams reduction",256,32,132,0,3,1,0,172.793865204
9,"teams reduction",256,32,132,0,3,2,0,173.056125641
9,"teams reduction",256,32,132,0,3,294,0,174.295902252
9,"teams reduction",256,32,132,0,4,3,0,172.543525696
9,"teams reduction",256,32,132,0,4,8096,0,225.245952606
9,"teams reduction",256,32,132,0,4,1,0,172.603130341
9,"teams reduction",256,32,132,0,4,28,0,172.150135040
9,"teams reduction",256,32,132,0,4,17,0,172.197818756
9,"teams reduction",256,32,132,0,4,5042,0,205.051898956
9,"teams reduction",256,32,132,0,4,7,0,171.959400177
9,"teams reduction",256,32,132,0,4,114,0,172.901153564
9,"teams reduction",256,32,132,0,4,44,0,172.293186188
9,"teams reduction",256,32,132,0,4,2,0,171.899795532
9,"teams reduction",256,32,132,0,4,294,0,173.556804657
9,"teams reduction",256,32,132,0,4,758,0,176.548957825
9,"teams reduction",256,32,132,0,4,183,0,173.008441925
9,"teams reduction",256,32,132,0,4,4,0,171.947479248
9,"teams reduction",256,32,132,0,4,1218,0,179.147720337
9,"teams reduction",256,32,132,0,4,71,0,172.495841980
9,"teams reduction",256,32,132,0,4,1955,0,184.309482574
9,"teams reduction",256,32,132,0,4,11,0,173.008441925
9,"teams reduction",256,32,132,0,4,472,0,174.701213837
9,"teams reduction",256,32,132,0,4,3140,0,192.546844482
9,"teams reduction",256,32,132,1,0,2,0,172.591209412
9,"teams reduction",256,32,132,1,0,4,0,172.340869904
9,"teams reduction",256,32,132,1,0,472,0,174.140930176
9,"teams reduction",256,32,132,1,0,3140,0,192.499160767
9,"teams reduction",256,32,132,1,0,183,0,172.305107117
9,"teams reduction",256,32,132,1,0,28,0,172.400474548
9,"teams reduction",256,32,132,1,0,71,0,172.603130341
9,"teams reduction",256,32,132,1,0,1218,0,179.541110992
9,"teams reduction",256,32,132,1,0,294,0,174.248218536
9,"teams reduction",256,32,132,1,0,1,0,172.102451324
9,"teams reduction",256,32,132,1,0,7,0,171.995162964
9,"teams reduction",256,32,132,1,0,1955,0,185.048580170
9,"teams reduction",256,32,132,1,0,758,0,176.954269409
9,"teams reduction",256,32,132,1,0,114,0,172.507762909
9,"teams reduction",256,32,132,1,0,11,0,172.448158264
9,"teams reduction",256,32,132,1,0,3,0,172.495841980
9,"teams reduction",256,32,132,1,0,8096,0,224.649906158
9,"teams reduction",256,32,132,1,0,44,0,172.603130341
9,"teams reduction",256,32,132,1,0,17,0,172.650814056
9,"teams reduction",256,32,132,1,0,5042,0,205.099582672
9,"teams reduction",256,32,132,1,1,758,0,175.797939301
9,"teams reduction",256,32,132,1,1,3,0,171.744823456
9,"teams reduction",256,32,132,1,1,3140,0,192.010402679
9,"teams reduction",256,32,132,1,1,1955,0,185.310840607
9,"teams reduction",256,32,132,1,1,44,0,172.293186188
9,"teams reduction",256,32,132,1,1,17,0,172.543525696
9,"teams reduction",256,32,132,1,1,294,0,172.960758209
9,"teams reduction",256,32,132,1,1,28,0,172.543525696
9,"teams reduction",256,32,132,1,1,114,0,172.102451324
9,"teams reduction",256,32,132,1,1,2,0,171.947479248
9,"teams reduction",256,32,132,1,1,7,0,172.698497772
9,"teams reduction",256,32,132,1,1,183,0,172.197818756
9,"teams reduction",256,32,132,1,1,8096,0,224.602222443
9,"teams reduction",256,32,132,1,1,11,0,172.650814056
9,"teams reduction",256,32,132,1,1,1,0,172.901153564
9,"teams reduction",256,32,132,1,1,1218,0,179.946422577
9,"teams reduction",256,32,132,1,1,472,0,174.593925476
9,"teams reduction",256,32,132,1,1,71,0,172.448158264
9,"teams reduction",256,32,132,1,1,5042,0,205.004215240
9,"teams reduction",256,32,132,1,1,4,0,172.448158264
9,"teams reduction",256,32,132,1,2,2,0,172.400474548
9,"teams reduction",256,32,132,1,2,71,0,172.197818756
9,"teams reduction",256,32,132,1,2,17,0,171.554088593
9,"teams reduction",256,32,132,1,2,472,0,174.593925476
9,"teams reduction",256,32,132,1,2,5042,0,204.551219940
9,"teams reduction",256,32,132,1,2,28,0,172.007083893
9,"teams reduction",256,32,132,1,2,44,0,172.841548920
9,"teams reduction",256,32,132,1,2,1218,0,179.553031921
9,"teams reduction",256,32,132,1,2,4,0,172.841548920
9,"teams reduction",256,32,132,1,2,1955,0,184.643268585
9,"teams reduction",256,32,132,1,2,183,0,172.352790833
9,"teams reduction",256,32,132,1,2,7,0,171.840190887
9,"teams reduction",256,32,132,1,2,758,0,176.548957825
9,"teams reduction",256,32,132,1,2,1,0,172.150135040
9,"teams reduction",256,32,132,1,2,3140,0,192.391872406
9,"teams reduction",256,32,132,1,2,8096,0,224.804878235
9,"teams reduction",256,32,132,1,2,3,0,171.995162964
9,"teams reduction",256,32,132,1,2,114,0,171.995162964
9,"teams reduction",256,32,132,1,2,11,0,172.090530396
9,"teams reduction",256,32,132,1,2,294,0,174.140930176
9,"teams reduction",256,32,132,1,3,1,0,172.853469849
9,"teams reduction",256,32,132,1,3,17,0,172.102451324
9,"teams reduction",256,32,132,1,3,294,0,173.294544220
9,"teams reduction",256,32,132,1,3,5042,0,205.099582672
9,"teams reduction",256,32,132,1,3,114,0,172.102451324
9,"teams reduction",256,32,132,1,3,28,0,171.709060669
9,"teams reduction",256,32,132,1,3,1218,0,179.004669189
9,"teams reduction",256,32,132,1,3,2,0,172.245502472
9,"teams reduction",256,32,132,1,3,3,0,173.103809357
9,"teams reduction",256,32,132,1,3,4,0,172.698497772
9,"teams reduction",256,32,132,1,3,758,0,175.893306732
9,"teams reduction",256,32,132,1,3,11,0,172.197818756
9,"teams reduction",256,32,132,1,3,44,0,172.603130341
9,"teams reduction",256,32,132,1,3,472,0,174.796581268
9,"teams reduction",256,32,132,1,3,7,0,172.293186188
9,"teams reduction",256,32,132,1,3,1955,0,185.096263885
9,"teams reduction",256,32,132,1,3,71,0,172.901153564
9,"teams reduction",256,32,132,1,3,183,0,173.246860504
9,"teams reduction",256,32,132,1,3,8096,0,225.949287415
9,"teams reduction",256,32,132,1,3,3140,0,192.344188690
9,"teams reduction",256,32,132,1,4,472,0,174.844264984
9,"teams reduction",256,32,132,1,4,71,0,172.400474548
9,"teams reduction",256,32,132,1,4,1,0,173.044204712
9,"teams reduction",256,32,132,1,4,11,0,172.245502472
9,"teams reduction",256,32,132,1,4,4,0,172.901153564
9,"teams reduction",256,32,132,1,4,3140,0,192.797183990
9,"teams reduction",256,32,132,1,4,28,0,171.899795532
9,"teams reduction",256,32,132,1,4,1218,0,179.100036621
9,"teams reduction",256,32,132,1,4,2,0,172.305107117
9,"teams reduction",256,32,132,1,4,183,0,172.948837280
9,"teams reduction",256,32,132,1,4,5042,0,204.098224640
9,"teams reduction",256,32,132,1,4,114,0,171.852111816
9,"teams reduction",256,32,132,1,4,3,0,172.209739685
9,"teams reduction",256,32,132,1,4,44,0,172.746181488
9,"teams reduction",256,32,132,1,4,758,0,176.548957825
9,"teams reduction",256,32,132,1,4,8096,0,225.245952606
9,"teams reduction",256,32,132,1,4,1955,0,185.000896454
9,"teams reduction",256,32,132,1,4,294,0,173.997879028
9,"teams reduction",256,32,132,1,4,7,0,172.495841980
9,"teams reduction",256,32,132,1,4,17,0,171.852111816
9,"teams reduction",1024,32,132,0,0,7,0,729.250907898
9,"teams reduction",1024,32,132,0,0,114,0,729.060173035
9,"teams reduction",1024,32,132,0,0,3,0,728.106498718
9,"teams reduction",1024,32,132,0,0,17,0,727.188587189
9,"teams reduction",1024,32,132,0,0,1,0,725.507736206
9,"teams reduction",1024,32,132,0,0,44,0,726.509094238
9,"teams reduction",1024,32,132,0,0,294,0,727.450847626
9,"teams reduction",1024,32,132,0,0,3140,0,745.606422424
9,"teams reduction",1024,32,132,0,0,4,0,729.000568390
9,"teams reduction",1024,32,132,0,0,1955,0,738.990306854
9,"teams reduction",1024,32,132,0,0,183,0,728.702545166
9,"teams reduction",1024,32,132,0,0,8096,0,780.451297760
9,"teams reduction",1024,32,132,0,0,758,0,733.006000519
9,"teams reduction",1024,32,132,0,0,71,0,726.795196533
9,"teams reduction",1024,32,132,0,0,2,0,726.544857025
9,"teams reduction",1024,32,132,0,0,11,0,727.748870850
9,"teams reduction",1024,32,132,0,0,28,0,728.499889374
9,"teams reduction",1024,32,132,0,0,5042,0,759.744644165
9,"teams reduction",1024,32,132,0,0,1218,0,733.900070190
9,"teams reduction",1024,32,132,0,0,472,0,730.240345001
9,"teams reduction",1024,32,132,0,1,4,0,729.095935822
9,"teams reduction",1024,32,132,0,1,1,0,729.596614838
9,"teams reduction",1024,32,132,0,1,17,0,725.996494293
9,"teams reduction",1024,32,132,0,1,28,0,728.499889374
9,"teams reduction",1024,32,132,0,1,11,0,726.759433746
9,"teams reduction",1024,32,132,0,1,3140,0,747.406482697
9,"teams reduction",1024,32,132,0,1,2,0,728.750228882
9,"teams reduction",1024,32,132,0,1,758,0,732.409954071
9,"teams reduction",1024,32,132,0,1,1218,0,736.749172211
9,"teams reduction",1024,32,132,0,1,44,0,728.797912598
9,"teams reduction",1024,32,132,0,1,71,0,729.703903198
9,"teams reduction",1024,32,132,0,1,114,0,729.644298553
9,"teams reduction",1024,32,132,0,1,294,0,727.200508118
9,"teams reduction",1024,32,132,0,1,7,0,726.890563965
9,"teams reduction",1024,32,132,0,1,183,0,731.253623962
9,"teams reduction",1024,32,132,0,1,8096,0,778.651237488
9,"teams reduction",1024,32,132,0,1,472,0,732.696056366
9,"teams reduction",1024,32,132,0,1,1955,0,739.550590515
9,"teams reduction",1024,32,132,0,1,3,0,728.642940521
9,"teams reduction",1024,32,132,0,1,5042,0,760.197639465
9,"teams reduction",1024,32,132,0,2,3,0,728.750228882
9,"teams reduction",1024,32,132,0,2,44,0,727.403163910
9,"teams reduction",1024,32,132,0,2,1,0,728.356838226
9,"teams reduction",1024,32,132,0,2,183,0,728.452205658
9,"teams reduction",1024,32,132,0,2,294,0,729.703903198
9,"teams reduction",1024,32,132,0,2,5042,0,759.851932526
9,"teams reduction",1024,32,132,0,2,7,0,726.902484894
9,"teams reduction",1024,32,132,0,2,8096,0,780.248641968
9,"teams reduction",1024,32,132,0,2,2,0,727.248191833
9,"teams reduction",1024,32,132,0,2,114,0,728.905200958
9,"teams reduction",1024,32,132,0,2,71,0,727.093219757
9,"teams reduction",1024,32,132,0,2,1955,0,741.100311279
9,"teams reduction",1024,32,132,0,2,17,0,726.842880249
9,"teams reduction",1024,32,132,0,2,472,0,733.208656311
9,"teams reduction",1024,32,132,0,2,11,0,729.405879974
9,"teams reduction",1024,32,132,0,2,1218,0,735.294818878
9,"teams reduction",1024,32,132,0,2,4,0,727.248191833
9,"teams reduction",1024,32,132,0,2,3140,0,746.750831604
9,"teams reduction",1024,32,132,0,2,758,0,734.293460846
9,"teams reduction",1024,32,132,0,2,28,0,728.249549866
9,"teams reduction",1024,32,132,0,3,11,0,727.558135986
9,"teams reduction",1024,32,132,0,3,4,0,728.201866150
9,"teams reduction",1024,32,132,0,3,5042,0,758.039951324
9,"teams reduction",1024,32,132,0,3,183,0,728.201866150
9,"teams reduction",1024,32,132,0,3,17,0,728.750228882
9,"teams reduction",1024,32,132,0,3,3,0,728.046894073
9,"teams reduction",1024,32,132,0,3,28,0,726.044178009
9,"teams reduction",1024,32,132,0,3,1218,0,733.160972595
9,"teams reduction",1024,32,132,0,3,114,0,728.297233582
9,"teams reduction",1024,32,132,0,3,758,0,730.645656586
9,"teams reduction",1024,32,132,0,3,1955,0,738.847255707
9,"teams reduction",1024,32,132,0,3,472,0,728.905200958
9,"teams reduction",1024,32,132,0,3,7,0,727.653503418
9,"teams reduction",1024,32,132,0,3,44,0,726.401805878
9,"teams reduction",1024,32,132,0,3,3140,0,746.703147888
9,"teams reduction",1024,32,132,0,3,8096,0,779.294967651
9,"teams reduction",1024,32,132,0,3,71,0,728.559494019
9,"teams reduction",1024,32,132,0,3,1,0,728.702545166
9,"teams reduction",1024,32,132,0,3,2,0,729.048252106
9,"teams reduction",1024,32,132,0,3,294,0,729.441642761
9,"teams reduction",1024,32,132,0,4,3,0,727.057456970
9,"teams reduction",1024,32,132,0,4,8096,0,780.701637268
9,"teams reduction",1024,32,132,0,4,1,0,731.098651886
9,"teams reduction",1024,32,132,0,4,28,0,728.046894073
9,"teams reduction",1024,32,132,0,4,17,0,728.452205658
9,"teams reduction",1024,32,132,0,4,5042,0,760.507583618
9,"teams reduction",1024,32,132,0,4,7,0,728.309154510
9,"teams reduction",1024,32,132,0,4,114,0,727.653503418
9,"teams reduction",1024,32,132,0,4,44,0,727.307796478
9,"teams reduction",1024,32,132,0,4,2,0,728.106498718
9,"teams reduction",1024,32,132,0,4,294,0,728.142261505
9,"teams reduction",1024,32,132,0,4,758,0,732.553005219
9,"teams reduction",1024,32,132,0,4,183,0,728.094577789
9,"teams reduction",1024,32,132,0,4,4,0,726.342201233
9,"teams reduction",1024,32,132,0,4,1218,0,736.546516418
9,"teams reduction",1024,32,132,0,4,71,0,727.403163910
9,"teams reduction",1024,32,132,0,4,1955,0,739.455223083
9,"teams reduction",1024,32,132,0,4,11,0,726.652145386
9,"teams reduction",1024,32,132,0,4,472,0,728.893280029
9,"teams reduction",1024,32,132,0,4,3140,0,748.443603516
9,"teams reduction",1024,32,132,1,0,2,0,725.603103638
9,"teams reduction",1024,32,132,1,0,4,0,727.200508118
9,"teams reduction",1024,32,132,1,0,472,0,729.048252106
9,"teams reduction",1024,32,132,1,0,3140,0,747.847557068
9,"teams reduction",1024,32,132,1,0,183,0,729.310512543
9,"teams reduction",1024,32,132,1,0,28,0,727.856159210
9,"teams reduction",1024,32,132,1,0,71,0,728.094577789
9,"teams reduction",1024,32,132,1,0,1218,0,734.257698059
9,"teams reduction",1024,32,132,1,0,294,0,727.355480194
9,"teams reduction",1024,32,132,1,0,1,0,726.151466370
9,"teams reduction",1024,32,132,1,0,7,0,728.106498718
9,"teams reduction",1024,32,132,1,0,1955,0,738.799571991
9,"teams reduction",1024,32,132,1,0,758,0,731.658935547
9,"teams reduction",1024,32,132,1,0,114,0,730.252265930
9,"teams reduction",1024,32,132,1,0,11,0,728.893280029
9,"teams reduction",1024,32,132,1,0,3,0,728.893280029
9,"teams reduction",1024,32,132,1,0,8096,0,779.700279236
9,"teams reduction",1024,32,132,1,0,44,0,728.845596313
9,"teams reduction",1024,32,132,1,0,17,0,725.948810577
9,"teams reduction",1024,32,132,1,0,5042,0,758.254528046
9,"teams reduction",1024,32,132,1,1,758,0,735.044479370
9,"teams reduction",1024,32,132,1,1,3,0,727.391242981
9,"teams reduction",1024,32,132,1,1,3140,0,747.656822205
9,"teams reduction",1024,32,132,1,1,1955,0,738.799571991
9,"teams reduction",1024,32,132,1,1,44,0,729.393959045
9,"teams reduction",1024,32,132,1,1,17,0,727.653503418
9,"teams reduction",1024,32,132,1,1,294,0,729.691982269
9,"teams reduction",1024,32,132,1,1,28,0,727.558135986
9,"teams reduction",1024,32,132,1,1,114,0,727.748870850
9,"teams reduction",1024,32,132,1,1,2,0,727.951526642
9,"teams reduction",1024,32,132,1,1,7,0,725.245475769
9,"teams reduction",1024,32,132,1,1,183,0,727.605819702
9,"teams reduction",1024,32,132,1,1,8096,0,778.496265411
9,"teams reduction",1024,32,132,1,1,11,0,728.344917297
9,"teams reduction",1024,32,132,1,1,1,0,727.498531342
9,"teams reduction",1024,32,132,1,1,1218,0,735.497474670
9,"teams reduction",1024,32,132,1,1,472,0,729.560852051
9,"teams reduction",1024,32,132,1,1,71,0,728.046894073
9,"teams reduction",1024,32,132,1,1,5042,0,760.650634766
9,"teams reduction",1024,32,132,1,1,4,0,728.452205658
9,"teams reduction",1024,32,132,1,2,2,0,726.103782654
9,"teams reduction",1024,32,132,1,2,71,0,728.046894073
9,"teams reduction",1024,32,132,1,2,17,0,728.249549866
9,"teams reduction",1024,32,132,1,2,472,0,729.501247406
9,"teams reduction",1024,32,132,1,2,5042,0,758.147239685
9,"teams reduction",1024,32,132,1,2,28,0,727.546215057
9,"teams reduction",1024,32,132,1,2,44,0,727.045536041
9,"teams reduction",1024,32,132,1,2,1218,0,735.795497894
9,"teams reduction",1024,32,132,1,2,4,0,727.498531342
9,"teams reduction",1024,32,132,1,2,1955,0,740.349292755
9,"teams reduction",1024,32,132,1,2,183,0,729.250907898
9,"teams reduction",1024,32,132,1,2,7,0,729.548931122
9,"teams reduction",1024,32,132,1,2,758,0,729.203224182
9,"teams reduction",1024,32,132,1,2,1,0,726.950168610
9,"teams reduction",1024,32,132,1,2,3140,0,747.597217560
9,"teams reduction",1024,32,132,1,2,8096,0,777.852535248
9,"teams reduction",1024,32,132,1,2,3,0,728.547573090
9,"teams reduction",1024,32,132,1,2,114,0,727.999210358
9,"teams reduction",1024,32,132,1,2,11,0,727.844238281
9,"teams reduction",1024,32,132,1,2,294,0,728.452205658
9,"teams reduction",1024,32,132,1,3,1,0,727.248191833
9,"teams reduction",1024,32,132,1,3,17,0,728.654861450
9,"teams reduction",1024,32,132,1,3,294,0,729.954242706
9,"teams reduction",1024,32,132,1,3,5042,0,760.650634766
9,"teams reduction",1024,32,132,1,3,114,0,728.356838226
9,"teams reduction",1024,32,132,1,3,28,0,728.595256805
9,"teams reduction",1024,32,132,1,3,1218,0,735.497474670
9,"teams reduction",1024,32,132,1,3,2,0,726.008415222
9,"teams reduction",1024,32,132,1,3,3,0,727.951526642
9,"teams reduction",1024,32,132,1,3,4,0,726.854801178
9,"teams reduction",1024,32,132,1,3,758,0,730.693340302
9,"teams reduction",1024,32,132,1,3,11,0,728.750228882
9,"teams reduction",1024,32,132,1,3,44,0,727.450847626
9,"teams reduction",1024,32,132,1,3,472,0,731.301307678
9,"teams reduction",1024,32,132,1,3,7,0,730.907917023
9,"teams reduction",1024,32,132,1,3,1955,0,741.446018219
9,"teams reduction",1024,32,132,1,3,71,0,728.547573090
9,"teams reduction",1024,32,132,1,3,183,0,729.596614838
9,"teams reduction",1024,32,132,1,3,8096,0,777.554512024
9,"teams reduction",1024,32,132,1,3,3140,0,747.251510620
9,"teams reduction",1024,32,132,1,4,472,0,731.003284454
9,"teams reduction",1024,32,132,1,4,71,0,728.392601013
9,"teams reduction",1024,32,132,1,4,1,0,727.248191833
9,"teams reduction",1024,32,132,1,4,11,0,726.199150085
9,"teams reduction",1024,32,132,1,4,4,0,729.942321777
9,"teams reduction",1024,32,132,1,4,3140,0,749.206542969
9,"teams reduction",1024,32,132,1,4,28,0,729.954242706
9,"teams reduction",1024,32,132,1,4,1218,0,735.008716583
9,"teams reduction",1024,32,132,1,4,2,0,725.543498993
9,"teams reduction",1024,32,132,1,4,183,0,730.550289154
9,"teams reduction",1024,32,132,1,4,5042,0,761.651992798
9,"teams reduction",1024,32,132,1,4,114,0,729.751586914
9,"teams reduction",1024,32,132,1,4,3,0,726.699829102
9,"teams reduction",1024,32,132,1,4,44,0,726.008415222
9,"teams reduction",1024,32,132,1,4,758,0,731.158256531
9,"teams reduction",1024,32,132,1,4,8096,0,779.950618744
9,"teams reduction",1024,32,132,1,4,1955,0,741.589069366
9,"teams reduction",1024,32,132,1,4,294,0,728.452205658
9,"teams reduction",1024,32,132,1,4,7,0,726.604461670
9,"teams reduction",1024,32,132,1,4,17,0,728.201866150
9,"teams reduction",4096,32,132,0,0,7,0,2848.553657532
9,"teams reduction",4096,32,132,0,0,114,0,2841.901779175
9,"teams reduction",4096,32,132,0,0,3,0,2843.451499939
9,"teams reduction",4096,32,132,0,0,17,0,2840.852737427
9,"teams reduction",4096,32,132,0,0,1,0,2844.703197479
9,"teams reduction",4096,32,132,0,0,44,0,2846.801280975
9,"teams reduction",4096,32,132,0,0,294,0,2844.595909119
9,"teams reduction",4096,32,132,0,0,3140,0,2864.253520966
9,"teams reduction",4096,32,132,0,0,4,0,2841.055393219
9,"teams reduction",4096,32,132,0,0,1955,0,2851.891517639
9,"teams reduction",4096,32,132,0,0,183,0,2845.501899719
9,"teams reduction",4096,32,132,0,0,8096,0,2898.097038269
9,"teams reduction",4096,32,132,0,0,758,0,2850.198745728
9,"teams reduction",4096,32,132,0,0,71,0,2850.651741028
9,"teams reduction",4096,32,132,0,0,2,0,2845.597267151
9,"teams reduction",4096,32,132,0,0,11,0,2845.346927643
9,"teams reduction",4096,32,132,0,0,28,0,2842.295169830
9,"teams reduction",4096,32,132,0,0,5042,0,2878.749370575
9,"teams reduction",4096,32,132,0,0,1218,0,2848.303318024
9,"teams reduction",4096,32,132,0,0,472,0,2844.500541687
9,"teams reduction",4096,32,132,0,1,4,0,2845.990657806
9,"teams reduction",4096,32,132,0,1,1,0,2845.549583435
9,"teams reduction",4096,32,132,0,1,17,0,2842.903137207
9,"teams reduction",4096,32,132,0,1,28,0,2843.391895294
9,"teams reduction",4096,32,132,0,1,11,0,2848.398685455
9,"teams reduction",4096,32,132,0,1,3140,0,2861.547470093
9,"teams reduction",4096,32,132,0,1,2,0,2843.439579010
9,"teams reduction",4096,32,132,0,1,758,0,2847.552299500
9,"teams reduction",4096,32,132,0,1,1218,0,2852.249145508
9,"teams reduction",4096,32,132,0,1,44,0,2843.546867371
9,"teams reduction",4096,32,132,0,1,71,0,2842.855453491
9,"teams reduction",4096,32,132,0,1,114,0,2843.499183655
9,"teams reduction",4096,32,132,0,1,294,0,2845.251560211
9,"teams reduction",4096,32,132,0,1,7,0,2839.052677155
9,"teams reduction",4096,32,132,0,1,183,0,2842.700481415
9,"teams reduction",4096,32,132,0,1,8096,0,2895.653247833
9,"teams reduction",4096,32,132,0,1,472,0,2847.647666931
9,"teams reduction",4096,32,132,0,1,1955,0,2855.455875397
9,"teams reduction",4096,32,132,0,1,3,0,2845.895290375
9,"teams reduction",4096,32,132,0,1,5042,0,2876.996994019
9,"teams reduction",4096,32,132,0,2,3,0,2844.750881195
9,"teams reduction",4096,32,132,0,2,44,0,2845.156192780
9,"teams reduction",4096,32,132,0,2,1,0,2845.752239227
9,"teams reduction",4096,32,132,0,2,183,0,2845.239639282
9,"teams reduction",4096,32,132,0,2,294,0,2842.748165131
9,"teams reduction",4096,32,132,0,2,5042,0,2876.651287079
9,"teams reduction",4096,32,132,0,2,7,0,2840.900421143
9,"teams reduction",4096,32,132,0,2,8096,0,2894.353866577
9,"teams reduction",4096,32,132,0,2,2,0,2844.142913818
9,"teams reduction",4096,32,132,0,2,114,0,2843.999862671
9,"teams reduction",4096,32,132,0,2,71,0,2841.007709503
9,"teams reduction",4096,32,132,0,2,1955,0,2858.710289001
9,"teams reduction",4096,32,132,0,2,17,0,2842.104434967
9,"teams reduction",4096,32,132,0,2,472,0,2848.601341248
9,"teams reduction",4096,32,132,0,2,11,0,2840.197086334
9,"teams reduction",4096,32,132,0,2,1218,0,2851.498126984
9,"teams reduction",4096,32,132,0,2,4,0,2841.341495514
9,"teams reduction",4096,32,132,0,2,3140,0,2861.797809601
9,"teams reduction",4096,32,132,0,2,758,0,2846.050262451
9,"teams reduction",4096,32,132,0,2,28,0,2842.605113983
9,"teams reduction",4096,32,132,0,3,11,0,2843.701839447
9,"teams reduction",4096,32,132,0,3,4,0,2841.103076935
9,"teams reduction",4096,32,132,0,3,5042,0,2876.448631287
9,"teams reduction",4096,32,132,0,3,183,0,2844.500541687
9,"teams reduction",4096,32,132,0,3,17,0,2843.308448792
9,"teams reduction",4096,32,132,0,3,3,0,2843.797206879
9,"teams reduction",4096,32,132,0,3,28,0,2845.597267151
9,"teams reduction",4096,32,132,0,3,1218,0,2849.459648132
9,"teams reduction",4096,32,132,0,3,114,0,2844.548225403
9,"teams reduction",4096,32,132,0,3,758,0,2848.947048187
9,"teams reduction",4096,32,132,0,3,1955,0,2855.050563812
9,"teams reduction",4096,32,132,0,3,472,0,2845.001220703
9,"teams reduction",4096,32,132,0,3,7,0,2842.891216278
9,"teams reduction",4096,32,132,0,3,44,0,2843.606472015
9,"teams reduction",4096,32,132,0,3,3140,0,2862.644195557
9,"teams reduction",4096,32,132,0,3,8096,0,2894.794940948
9,"teams reduction",4096,32,132,0,3,71,0,2844.393253326
9,"teams reduction",4096,32,132,0,3,1,0,2842.652797699
9,"teams reduction",4096,32,132,0,3,2,0,2845.048904419
9,"teams reduction",4096,32,132,0,3,294,0,2844.810485840
9,"teams reduction",4096,32,132,0,4,3,0,2843.642234802
9,"teams reduction",4096,32,132,0,4,8096,0,2897.453308105
9,"teams reduction",4096,32,132,0,4,1,0,2844.250202179
9,"teams reduction",4096,32,132,0,4,28,0,2839.756011963
9,"teams reduction",4096,32,132,0,4,17,0,2841.556072235
9,"teams reduction",4096,32,132,0,4,5042,0,2876.102924347
9,"teams reduction",4096,32,132,0,4,7,0,2844.357490540
9,"teams reduction",4096,32,132,0,4,114,0,2844.345569611
9,"teams reduction",4096,32,132,0,4,44,0,2842.938899994
9,"teams reduction",4096,32,132,0,4,2,0,2844.941616058
9,"teams reduction",4096,32,132,0,4,294,0,2844.202518463
9,"teams reduction",4096,32,132,0,4,758,0,2849.853038788
9,"teams reduction",4096,32,132,0,4,183,0,2845.048904419
9,"teams reduction",4096,32,132,0,4,4,0,2841.389179230
9,"teams reduction",4096,32,132,0,4,1218,0,2852.654457092
9,"teams reduction",4096,32,132,0,4,71,0,2843.892574310
9,"teams reduction",4096,32,132,0,4,1955,0,2856.254577637
9,"teams reduction",4096,32,132,0,4,11,0,2844.750881195
9,"teams reduction",4096,32,132,0,4,472,0,2850.151062012
9,"teams reduction",4096,32,132,0,4,3140,0,2864.158153534
9,"teams reduction",4096,32,132,1,0,2,0,2843.391895294
9,"teams reduction",4096,32,132,1,0,4,0,2842.903137207
9,"teams reduction",4096,32,132,1,0,472,0,2848.494052887
9,"teams reduction",4096,32,132,1,0,3140,0,2862.656116486
9,"teams reduction",4096,32,132,1,0,183,0,2846.097946167
9,"teams reduction",4096,32,132,1,0,28,0,2841.699123383
9,"teams reduction",4096,32,132,1,0,71,0,2845.549583435
9,"teams reduction",4096,32,132,1,0,1218,0,2852.797508240
9,"teams reduction",4096,32,132,1,0,294,0,2844.846248627
9,"teams reduction",4096,32,132,1,0,1,0,2841.699123383
9,"teams reduction",4096,32,132,1,0,7,0,2849.054336548
9,"teams reduction",4096,32,132,1,0,1955,0,2853.846549988
9,"teams reduction",4096,32,132,1,0,758,0,2845.799922943
9,"teams reduction",4096,32,132,1,0,114,0,2840.197086334
9,"teams reduction",4096,32,132,1,0,11,0,2843.046188354
9,"teams reduction",4096,32,132,1,0,3,0,2843.248844147
9,"teams reduction",4096,32,132,1,0,8096,0,2892.255783081
9,"teams reduction",4096,32,132,1,0,44,0,2843.344211578
9,"teams reduction",4096,32,132,1,0,17,0,2843.797206879
9,"teams reduction",4096,32,132,1,0,5042,0,2873.599529266
9,"teams reduction",4096,32,132,1,1,758,0,2850.949764252
9,"teams reduction",4096,32,132,1,1,3,0,2844.297885895
9,"teams reduction",4096,32,132,1,1,3140,0,2860.450744629
9,"teams reduction",4096,32,132,1,1,1955,0,2858.650684357
9,"teams reduction",4096,32,132,1,1,44,0,2846.848964691
9,"teams reduction",4096,32,132,1,1,17,0,2842.891216278
9,"teams reduction",4096,32,132,1,1,294,0,2847.707271576
9,"teams reduction",4096,32,132,1,1,28,0,2849.698066711
9,"teams reduction",4096,32,132,1,1,114,0,2846.002578735
9,"teams reduction",4096,32,132,1,1,2,0,2841.401100159
9,"teams reduction",4096,32,132,1,1,7,0,2845.895290375
9,"teams reduction",4096,32,132,1,1,183,0,2844.500541687
9,"teams reduction",4096,32,132,1,1,8096,0,2897.250652313
9,"teams reduction",4096,32,132,1,1,11,0,2845.549583435
9,"teams reduction",4096,32,132,1,1,1,0,2846.908569336
9,"teams reduction",4096,32,132,1,1,1218,0,2850.699424744
9,"teams reduction",4096,32,132,1,1,472,0,2843.058109283
9,"teams reduction",4096,32,132,1,1,71,0,2842.545509338
9,"teams reduction",4096,32,132,1,1,5042,0,2879.250049591
9,"teams reduction",4096,32,132,1,1,4,0,2843.892574310
9,"teams reduction",4096,32,132,1,2,2,0,2843.403816223
9,"teams reduction",4096,32,132,1,2,71,0,2842.557430267
9,"teams reduction",4096,32,132,1,2,17,0,2842.497825623
9,"teams reduction",4096,32,132,1,2,472,0,2845.895290375
9,"teams reduction",4096,32,132,1,2,5042,0,2877.748012543
9,"teams reduction",4096,32,132,1,2,28,0,2842.056751251
9,"teams reduction",4096,32,132,1,2,44,0,2844.953536987
9,"teams reduction",4096,32,132,1,2,1218,0,2849.447727203
9,"teams reduction",4096,32,132,1,2,4,0,2845.597267151
9,"teams reduction",4096,32,132,1,2,1955,0,2854.752540588
9,"teams reduction",4096,32,132,1,2,183,0,2845.299243927
9,"teams reduction",4096,32,132,1,2,7,0,2843.344211578
9,"teams reduction",4096,32,132,1,2,758,0,2845.740318298
9,"teams reduction",4096,32,132,1,2,1,0,2844.250202179
9,"teams reduction",4096,32,132,1,2,3140,0,2863.800525665
9,"teams reduction",4096,32,132,1,2,8096,0,2894.806861877
9,"teams reduction",4096,32,132,1,2,3,0,2847.301959991
9,"teams reduction",4096,32,132,1,2,114,0,2844.500541687
9,"teams reduction",4096,32,132,1,2,11,0,2845.597267151
9,"teams reduction",4096,32,132,1,2,294,0,2842.795848846
9,"teams reduction",4096,32,132,1,3,1,0,2843.952178955
9,"teams reduction",4096,32,132,1,3,17,0,2839.446067810
9,"teams reduction",4096,32,132,1,3,294,0,2844.059467316
9,"teams reduction",4096,32,132,1,3,5042,0,2877.759933472
9,"teams reduction",4096,32,132,1,3,114,0,2845.144271851
9,"teams reduction",4096,32,132,1,3,28,0,2845.597267151
9,"teams reduction",4096,32,132,1,3,1218,0,2851.998806000
9,"teams reduction",4096,32,132,1,3,2,0,2844.095230103
9,"teams reduction",4096,32,132,1,3,3,0,2844.250202179
9,"teams reduction",4096,32,132,1,3,4,0,2843.201160431
9,"teams reduction",4096,32,132,1,3,758,0,2850.592136383
9,"teams reduction",4096,32,132,1,3,11,0,2843.499183655
9,"teams reduction",4096,32,132,1,3,44,0,2845.549583435
9,"teams reduction",4096,32,132,1,3,472,0,2847.099304199
9,"teams reduction",4096,32,132,1,3,7,0,2844.297885895
9,"teams reduction",4096,32,132,1,3,1955,0,2854.394912720
9,"teams reduction",4096,32,132,1,3,71,0,2847.158908844
9,"teams reduction",4096,32,132,1,3,183,0,2847.802639008
9,"teams reduction",4096,32,132,1,3,8096,0,2892.100811005
9,"teams reduction",4096,32,132,1,3,3140,0,2862.000465393
9,"teams reduction",4096,32,132,1,4,472,0,2845.811843872
9,"teams reduction",4096,32,132,1,4,71,0,2845.203876495
9,"teams reduction",4096,32,132,1,4,1,0,2840.745449066
9,"teams reduction",4096,32,132,1,4,11,0,2842.545509338
9,"teams reduction",4096,32,132,1,4,4,0,2844.989299774
9,"teams reduction",4096,32,132,1,4,3140,0,2862.048149109
9,"teams reduction",4096,32,132,1,4,28,0,2840.900421143
9,"teams reduction",4096,32,132,1,4,1218,0,2850.699424744
9,"teams reduction",4096,32,132,1,4,2,0,2842.342853546
9,"teams reduction",4096,32,132,1,4,183,0,2842.545509338
9,"teams reduction",4096,32,132,1,4,5042,0,2872.943878174
9,"teams reduction",4096,32,132,1,4,114,0,2842.247486115
9,"teams reduction",4096,32,132,1,4,3,0,2845.251560211
9,"teams reduction",4096,32,132,1,4,44,0,2847.003936768
9,"teams reduction",4096,32,132,1,4,758,0,2847.802639008
9,"teams reduction",4096,32,132,1,4,8096,0,2898.144721985
9,"teams reduction",4096,32,132,1,4,1955,0,2852.606773376
9,"teams reduction",4096,32,132,1,4,294,0,2849.602699280
9,"teams reduction",4096,32,132,1,4,7,0,2841.806411743
9,"teams reduction",4096,32,132,1,4,17,0,2841.448783875
9,"teams reduction",8192,32,132,0,0,7,0,5674.302577972
9,"teams reduction",8192,32,132,0,0,114,0,5678.045749664
9,"teams reduction",8192,32,132,0,0,3,0,5676.746368408
9,"teams reduction",8192,32,132,0,0,17,0,5678.403377533
9,"teams reduction",8192,32,132,0,0,1,0,5677.247047424
9,"teams reduction",8192,32,132,0,0,44,0,5678.844451904
9,"teams reduction",8192,32,132,0,0,294,0,5679.392814636
9,"teams reduction",8192,32,132,0,0,3140,0,5698.204040527
9,"teams reduction",8192,32,132,0,0,4,0,5676.805973053
9,"teams reduction",8192,32,132,0,0,1955,0,5692.648887634
9,"teams reduction",8192,32,132,0,0,183,0,5677.247047424
9,"teams reduction",8192,32,132,0,0,8096,0,5730.807781219
9,"teams reduction",8192,32,132,0,0,758,0,5679.202079773
9,"teams reduction",8192,32,132,0,0,71,0,5675.208568573
9,"teams reduction",8192,32,132,0,0,2,0,5673.789978027
9,"teams reduction",8192,32,132,0,0,11,0,5683.505535126
9,"teams reduction",8192,32,132,0,0,28,0,5672.752857208
9,"teams reduction",8192,32,132,0,0,5042,0,5712.902545929
9,"teams reduction",8192,32,132,0,0,1218,0,5681.788921356
9,"teams reduction",8192,32,132,0,0,472,0,5683.600902557
9,"teams reduction",8192,32,132,0,1,4,0,5677.151679993
9,"teams reduction",8192,32,132,0,1,1,0,5670.750141144
9,"teams reduction",8192,32,132,0,1,17,0,5680.704116821
9,"teams reduction",8192,32,132,0,1,28,0,5679.094791412
9,"teams reduction",8192,32,132,0,1,11,0,5675.899982452
9,"teams reduction",8192,32,132,0,1,3140,0,5702.793598175
9,"teams reduction",8192,32,132,0,1,2,0,5679.547786713
9,"teams reduction",8192,32,132,0,1,758,0,5680.358409882
9,"teams reduction",8192,32,132,0,1,1218,0,5684.602260590
9,"teams reduction",8192,32,132,0,1,44,0,5673.539638519
9,"teams reduction",8192,32,132,0,1,71,0,5674.791336060
9,"teams reduction",8192,32,132,0,1,114,0,5679.094791412
9,"teams reduction",8192,32,132,0,1,294,0,5681.550502777
9,"teams reduction",8192,32,132,0,1,7,0,5676.651000977
9,"teams reduction",8192,32,132,0,1,183,0,5674.648284912
9,"teams reduction",8192,32,132,0,1,8096,0,5729.353427887
9,"teams reduction",8192,32,132,0,1,472,0,5678.653717041
9,"teams reduction",8192,32,132,0,1,1955,0,5691.552162170
9,"teams reduction",8192,32,132,0,1,3,0,5673.801898956
9,"teams reduction",8192,32,132,0,1,5042,0,5711.853504181
9,"teams reduction",8192,32,132,0,2,3,0,5681.204795837
9,"teams reduction",8192,32,132,0,2,44,0,5679.953098297
9,"teams reduction",8192,32,132,0,2,1,0,5683.493614197
9,"teams reduction",8192,32,132,0,2,183,0,5675.053596497
9,"teams reduction",8192,32,132,0,2,294,0,5683.708190918
9,"teams reduction",8192,32,132,0,2,5042,0,5709.195137024
9,"teams reduction",8192,32,132,0,2,7,0,5677.354335785
9,"teams reduction",8192,32,132,0,2,8096,0,5728.292465210
9,"teams reduction",8192,32,132,0,2,2,0,5680.251121521
9,"teams reduction",8192,32,132,0,2,114,0,5674.755573273
9,"teams reduction",8192,32,132,0,2,71,0,5674.898624420
9,"teams reduction",8192,32,132,0,2,1955,0,5692.994594574
9,"teams reduction",8192,32,132,0,2,17,0,5678.856372833
9,"teams reduction",8192,32,132,0,2,472,0,5676.960945129
9,"teams reduction",8192,32,132,0,2,11,0,5677.902698517
9,"teams reduction",8192,32,132,0,2,1218,0,5686.700344086
9,"teams reduction",8192,32,132,0,2,4,0,5679.047107697
9,"teams reduction",8192,32,132,0,2,3140,0,5695.855617523
9,"teams reduction",8192,32,132,0,2,758,0,5687.105655670
9,"teams reduction",8192,32,132,0,2,28,0,5682.551860809
9,"teams reduction",8192,32,132,0,3,11,0,5676.507949829
9,"teams reduction",8192,32,132,0,3,4,0,5675.256252289
9,"teams reduction",8192,32,132,0,3,5042,0,5709.147453308
9,"teams reduction",8192,32,132,0,3,183,0,5679.750442505
9,"teams reduction",8192,32,132,0,3,17,0,5676.007270813
9,"teams reduction",8192,32,132,0,3,3,0,5671.393871307
9,"teams reduction",8192,32,132,0,3,28,0,5676.090717316
9,"teams reduction",8192,32,132,0,3,1218,0,5687.606334686
9,"teams reduction",8192,32,132,0,3,114,0,5676.543712616
9,"teams reduction",8192,32,132,0,3,758,0,5687.248706818
9,"teams reduction",8192,32,132,0,3,1955,0,5691.099166870
9,"teams reduction",8192,32,132,0,3,472,0,5684.506893158
9,"teams reduction",8192,32,132,0,3,7,0,5671.060085297
9,"teams reduction",8192,32,132,0,3,44,0,5674.195289612
9,"teams reduction",8192,32,132,0,3,3140,0,5690.550804138
9,"teams reduction",8192,32,132,0,3,8096,0,5730.497837067
9,"teams reduction",8192,32,132,0,3,71,0,5675.590038300
9,"teams reduction",8192,32,132,0,3,1,0,5679.702758789
9,"teams reduction",8192,32,132,0,3,2,0,5675.494670868
9,"teams reduction",8192,32,132,0,3,294,0,5673.348903656
9,"teams reduction",8192,32,132,0,4,3,0,5674.600601196
9,"teams reduction",8192,32,132,0,4,8096,0,5726.647377014
9,"teams reduction",8192,32,132,0,4,1,0,5676.841735840
9,"teams reduction",8192,32,132,0,4,28,0,5674.445629120
9,"teams reduction",8192,32,132,0,4,17,0,5679.941177368
9,"teams reduction",8192,32,132,0,4,5042,0,5712.306499481
9,"teams reduction",8192,32,132,0,4,7,0,5676.400661469
9,"teams reduction",8192,32,132,0,4,114,0,5679.643154144
9,"teams reduction",8192,32,132,0,4,44,0,5675.458908081
9,"teams reduction",8192,32,132,0,4,2,0,5679.643154144
9,"teams reduction",8192,32,132,0,4,294,0,5675.697326660
9,"teams reduction",8192,32,132,0,4,758,0,5684.697628021
9,"teams reduction",8192,32,132,0,4,183,0,5678.844451904
9,"teams reduction",8192,32,132,0,4,4,0,5679.500102997
9,"teams reduction",8192,32,132,0,4,1218,0,5688.440799713
9,"teams reduction",8192,32,132,0,4,71,0,5674.099922180
9,"teams reduction",8192,32,132,0,4,1955,0,5690.848827362
9,"teams reduction",8192,32,132,0,4,11,0,5679.404735565
9,"teams reduction",8192,32,132,0,4,472,0,5679.047107697
9,"teams reduction",8192,32,132,0,4,3140,0,5691.647529602
9,"teams reduction",8192,32,132,1,0,2,0,5675.947666168
9,"teams reduction",8192,32,132,1,0,4,0,5679.404735565
9,"teams reduction",8192,32,132,1,0,472,0,5683.147907257
9,"teams reduction",8192,32,132,1,0,3140,0,5693.590641022
9,"teams reduction",8192,32,132,1,0,183,0,5678.009986877
9,"teams reduction",8192,32,132,1,0,28,0,5674.350261688
9,"teams reduction",8192,32,132,1,0,71,0,5677.247047424
9,"teams reduction",8192,32,132,1,0,1218,0,5682.647228241
9,"teams reduction",8192,32,132,1,0,294,0,5680.906772614
9,"teams reduction",8192,32,132,1,0,1,0,5677.247047424
9,"teams reduction",8192,32,132,1,0,7,0,5678.594112396
9,"teams reduction",8192,32,132,1,0,1955,0,5689.346790314
9,"teams reduction",8192,32,132,1,0,758,0,5682.396888733
9,"teams reduction",8192,32,132,1,0,114,0,5678.749084473
9,"teams reduction",8192,32,132,1,0,11,0,5680.596828461
9,"teams reduction",8192,32,132,1,0,3,0,5679.845809937
9,"teams reduction",8192,32,132,1,0,8096,0,5728.292465210
9,"teams reduction",8192,32,132,1,0,44,0,5684.947967529
9,"teams reduction",8192,32,132,1,0,17,0,5675.995349884
9,"teams reduction",8192,32,132,1,0,5042,0,5711.996555328
9,"teams reduction",8192,32,132,1,1,758,0,5677.211284637
9,"teams reduction",8192,32,132,1,1,3,0,5675.411224365
9,"teams reduction",8192,32,132,1,1,3140,0,5693.149566650
9,"teams reduction",8192,32,132,1,1,1955,0,5686.044692993
9,"teams reduction",8192,32,132,1,1,44,0,5682.301521301
9,"teams reduction",8192,32,132,1,1,17,0,5683.195590973
9,"teams reduction",8192,32,132,1,1,294,0,5682.301521301
9,"teams reduction",8192,32,132,1,1,28,0,5678.343772888
9,"teams reduction",8192,32,132,1,1,114,0,5670.046806335
9,"teams reduction",8192,32,132,1,1,2,0,5682.003498077
9,"teams reduction",8192,32,132,1,1,7,0,5678.904056549
9,"teams reduction",8192,32,132,1,1,183,0,5680.048465729
9,"teams reduction",8192,32,132,1,1,8096,0,5730.903148651
9,"teams reduction",8192,32,132,1,1,11,0,5682.349205017
9,"teams reduction",8192,32,132,1,1,1,0,5684.351921082
9,"teams reduction",8192,32,132,1,1,1218,0,5682.504177094
9,"teams reduction",8192,32,132,1,1,472,0,5682.396888733
9,"teams reduction",8192,32,132,1,1,71,0,5676.341056824
9,"teams reduction",8192,32,132,1,1,5042,0,5710.208415985
9,"teams reduction",8192,32,132,1,1,4,0,5672.252178192
9,"teams reduction",8192,32,132,1,2,2,0,5677.604675293
9,"teams reduction",8192,32,132,1,2,71,0,5676.352977753
9,"teams reduction",8192,32,132,1,2,17,0,5674.648284912
9,"teams reduction",8192,32,132,1,2,472,0,5678.260326385
9,"teams reduction",8192,32,132,1,2,5042,0,5707.108974457
9,"teams reduction",8192,32,132,1,2,28,0,5675.399303436
9,"teams reduction",8192,32,132,1,2,44,0,5671.095848083
9,"teams reduction",8192,32,132,1,2,1218,0,5683.445930481
9,"teams reduction",8192,32,132,1,2,4,0,5679.392814636
9,"teams reduction",8192,32,132,1,2,1955,0,5683.648586273
9,"teams reduction",8192,32,132,1,2,183,0,5677.294731140
9,"teams reduction",8192,32,132,1,2,7,0,5677.902698517
9,"teams reduction",8192,32,132,1,2,758,0,5684.244632721
9,"teams reduction",8192,32,132,1,2,1,0,5680.251121521
9,"teams reduction",8192,32,132,1,2,3140,0,5700.397491455
9,"teams reduction",8192,32,132,1,2,8096,0,5724.942684174
9,"teams reduction",8192,32,132,1,2,3,0,5676.293373108
9,"teams reduction",8192,32,132,1,2,114,0,5678.904056549
9,"teams reduction",8192,32,132,1,2,11,0,5678.355693817
9,"teams reduction",8192,32,132,1,2,294,0,5677.652359009
9,"teams reduction",8192,32,132,1,3,1,0,5680.394172668
9,"teams reduction",8192,32,132,1,3,17,0,5673.658847809
9,"teams reduction",8192,32,132,1,3,294,0,5677.700042725
9,"teams reduction",8192,32,132,1,3,5042,0,5709.850788116
9,"teams reduction",8192,32,132,1,3,114,0,5680.751800537
9,"teams reduction",8192,32,132,1,3,28,0,5675.089359283
9,"teams reduction",8192,32,132,1,3,1218,0,5685.555934906
9,"teams reduction",8192,32,132,1,3,2,0,5672.955513000
9,"teams reduction",8192,32,132,1,3,3,0,5679.047107697
9,"teams reduction",8192,32,132,1,3,4,0,5678.105354309
9,"teams reduction",8192,32,132,1,3,758,0,5683.696269989
9,"teams reduction",8192,32,132,1,3,11,0,5680.501461029
9,"teams reduction",8192,32,132,1,3,44,0,5675.995349884
9,"teams reduction",8192,32,132,1,3,472,0,5679.559707642
9,"teams reduction",8192,32,132,1,3,7,0,5675.244331360
9,"teams reduction",8192,32,132,1,3,1955,0,5687.701702118
9,"teams reduction",8192,32,132,1,3,71,0,5677.556991577
9,"teams reduction",8192,32,132,1,3,183,0,5677.294731140
9,"teams reduction",8192,32,132,1,3,8096,0,5729.305744171
9,"teams reduction",8192,32,132,1,3,3140,0,5696.249008179
9,"teams reduction",8192,32,132,1,4,472,0,5678.200721741
9,"teams reduction",8192,32,132,1,4,71,0,5672.454833984
9,"teams reduction",8192,32,132,1,4,1,0,5676.293373108
9,"teams reduction",8192,32,132,1,4,11,0,5675.840377808
9,"teams reduction",8192,32,132,1,4,4,0,5671.846866608
9,"teams reduction",8192,32,132,1,4,3140,0,5695.390701294
9,"teams reduction",8192,32,132,1,4,28,0,5675.494670868
9,"teams reduction",8192,32,132,1,4,1218,0,5688.297748566
9,"teams reduction",8192,32,132,1,4,2,0,5677.449703217
9,"teams reduction",8192,32,132,1,4,183,0,5677.258968353
9,"teams reduction",8192,32,132,1,4,5042,0,5707.502365112
9,"teams reduction",8192,32,132,1,4,114,0,5671.298503876
9,"teams reduction",8192,32,132,1,4,3,0,5680.251121521
9,"teams reduction",8192,32,132,1,4,44,0,5677.998065948
9,"teams reduction",8192,32,132,1,4,758,0,5684.208869934
9,"teams reduction",8192,32,132,1,4,8096,0,5732.691287994
9,"teams reduction",8192,32,132,1,4,1955,0,5688.190460205
9,"teams reduction",8192,32,132,1,4,294,0,5680.847167969
9,"teams reduction",8192,32,132,1,4,7,0,5678.844451904
9,"teams reduction",8192,32,132,1,4,17,0,5674.898624420
9,"teams reduction",16382,32,132,0,0,7,0,12936.902046204
9,"teams reduction",16382,32,132,0,0,114,0,12939.655780792
9,"teams reduction",16382,32,132,0,0,3,0,12938.499450684
9,"teams reduction",16382,32,132,0,0,17,0,12940.704822540
9,"teams reduction",16382,32,132,0,0,1,0,12935.006618500
9,"teams reduction",16382,32,132,0,0,44,0,12939.691543579
9,"teams reduction",16382,32,132,0,0,294,0,12943.303585052
9,"teams reduction",16382,32,132,0,0,3140,0,12953.805923462
9,"teams reduction",16382,32,132,0,0,4,0,12940.800189972
9,"teams reduction",16382,32,132,0,0,1955,0,12956.297397614
9,"teams reduction",16382,32,132,0,0,183,0,12945.544719696
9,"teams reduction",16382,32,132,0,0,8096,0,12987.744808197
9,"teams reduction",16382,32,132,0,0,758,0,12940.096855164
9,"teams reduction",16382,32,132,0,0,71,0,12930.452823639
9,"teams reduction",16382,32,132,0,0,2,0,12930.905818939
9,"teams reduction",16382,32,132,0,0,11,0,12933.194637299
9,"teams reduction",16382,32,132,0,0,28,0,12940.096855164
9,"teams reduction",16382,32,132,0,0,5042,0,12964.951992035
9,"teams reduction",16382,32,132,0,0,1218,0,12943.899631500
9,"teams reduction",16382,32,132,0,0,472,0,12945.795059204
9,"teams reduction",16382,32,132,0,1,4,0,12931.609153748
9,"teams reduction",16382,32,132,0,1,1,0,12929.010391235
9,"teams reduction",16382,32,132,0,1,17,0,12941.646575928
9,"teams reduction",16382,32,132,0,1,28,0,12932.395935059
9,"teams reduction",16382,32,132,0,1,11,0,12938.654422760
9,"teams reduction",16382,32,132,0,1,3140,0,12953.948974609
9,"teams reduction",16382,32,132,0,1,2,0,12935.709953308
9,"teams reduction",16382,32,132,0,1,758,0,12943.542003632
9,"teams reduction",16382,32,132,0,1,1218,0,12945.508956909
9,"teams reduction",16382,32,132,0,1,44,0,12934.100627899
9,"teams reduction",16382,32,132,0,1,71,0,12939.548492432
9,"teams reduction",16382,32,132,0,1,114,0,12935.900688171
9,"teams reduction",16382,32,132,0,1,294,0,12939.906120300
9,"teams reduction",16382,32,132,0,1,7,0,12935.948371887
9,"teams reduction",16382,32,132,0,1,183,0,12931.096553802
9,"teams reduction",16382,32,132,0,1,8096,0,12985.098361969
9,"teams reduction",16382,32,132,0,1,472,0,12935.256958008
9,"teams reduction",16382,32,132,0,1,1955,0,12949.502468109
9,"teams reduction",16382,32,132,0,1,3,0,12937.998771667
9,"teams reduction",16382,32,132,0,1,5042,0,12969.648838043
9,"teams reduction",16382,32,132,0,2,3,0,12939.202785492
9,"teams reduction",16382,32,132,0,2,44,0,12940.347194672
9,"teams reduction",16382,32,132,0,2,1,0,12936.747074127
9,"teams reduction",16382,32,132,0,2,183,0,12938.058376312
9,"teams reduction",16382,32,132,0,2,294,0,12933.051586151
9,"teams reduction",16382,32,132,0,2,5042,0,12969.493865967
9,"teams reduction",16382,32,132,0,2,7,0,12933.444976807
9,"teams reduction",16382,32,132,0,2,8096,0,12986.099720001
9,"teams reduction",16382,32,132,0,2,2,0,12935.400009155
9,"teams reduction",16382,32,132,0,2,114,0,12936.341762543
9,"teams reduction",16382,32,132,0,2,71,0,12938.356399536
9,"teams reduction",16382,32,132,0,2,1955,0,12946.152687073
9,"teams reduction",16382,32,132,0,2,17,0,12935.400009155
9,"teams reduction",16382,32,132,0,2,472,0,12937.700748444
9,"teams reduction",16382,32,132,0,2,11,0,12937.247753143
9,"teams reduction",16382,32,132,0,2,1218,0,12949.395179749
9,"teams reduction",16382,32,132,0,2,4,0,12936.544418335
9,"teams reduction",16382,32,132,0,2,3140,0,12950.754165649
9,"teams reduction",16382,32,132,0,2,758,0,12943.208217621
9,"teams reduction",16382,32,132,0,2,28,0,12935.650348663
9,"teams reduction",16382,32,132,0,3,11,0,12934.947013855
9,"teams reduction",16382,32,132,0,3,4,0,12938.046455383
9,"teams reduction",16382,32,132,0,3,5042,0,12971.246242523
9,"teams reduction",16382,32,132,0,3,183,0,12935.602664948
9,"teams reduction",16382,32,132,0,3,17,0,12937.700748444
9,"teams reduction",16382,32,132,0,3,3,0,12933.802604675
9,"teams reduction",16382,32,132,0,3,28,0,12938.451766968
9,"teams reduction",16382,32,132,0,3,1218,0,12949.502468109
9,"teams reduction",16382,32,132,0,3,114,0,12937.951087952
9,"teams reduction",16382,32,132,0,3,758,0,12945.497035980
9,"teams reduction",16382,32,132,0,3,1955,0,12951.350212097
9,"teams reduction",16382,32,132,0,3,472,0,12933.552265167
9,"teams reduction",16382,32,132,0,3,7,0,12936.401367188
9,"teams reduction",16382,32,132,0,3,44,0,12935.590744019
9,"teams reduction",16382,32,132,0,3,3140,0,12955.248355865
9,"teams reduction",16382,32,132,0,3,8096,0,12988.400459290
9,"teams reduction",16382,32,132,0,3,71,0,12929.749488831
9,"teams reduction",16382,32,132,0,3,1,0,12941.253185272
9,"teams reduction",16382,32,132,0,3,2,0,12935.245037079
9,"teams reduction",16382,32,132,0,3,294,0,12937.045097351
9,"teams reduction",16382,32,132,0,4,3,0,12935.602664948
9,"teams reduction",16382,32,132,0,4,8096,0,12985.944747925
9,"teams reduction",16382,32,132,0,4,1,0,12936.604022980
9,"teams reduction",16382,32,132,0,4,28,0,12938.201427460
9,"teams reduction",16382,32,132,0,4,17,0,12932.896614075
9,"teams reduction",16382,32,132,0,4,5042,0,12967.848777771
9,"teams reduction",16382,32,132,0,4,7,0,12939.047813416
9,"teams reduction",16382,32,132,0,4,114,0,12932.944297791
9,"teams reduction",16382,32,132,0,4,44,0,12943.148612976
9,"teams reduction",16382,32,132,0,4,2,0,12938.809394836
9,"teams reduction",16382,32,132,0,4,294,0,12942.552566528
9,"teams reduction",16382,32,132,0,4,758,0,12941.348552704
9,"teams reduction",16382,32,132,0,4,183,0,12939.298152924
9,"teams reduction",16382,32,132,0,4,4,0,12935.400009155
9,"teams reduction",16382,32,132,0,4,1218,0,12942.898273468
9,"teams reduction",16382,32,132,0,4,71,0,12928.307056427
9,"teams reduction",16382,32,132,0,4,1955,0,12950.551509857
9,"teams reduction",16382,32,132,0,4,11,0,12933.158874512
9,"teams reduction",16382,32,132,0,4,472,0,12940.955162048
9,"teams reduction",16382,32,132,0,4,3140,0,12955.641746521
9,"teams reduction",16382,32,132,1,0,2,0,12935.149669647
9,"teams reduction",16382,32,132,1,0,4,0,12936.305999756
9,"teams reduction",16382,32,132,1,0,472,0,12937.855720520
9,"teams reduction",16382,32,132,1,0,3140,0,12951.946258545
9,"teams reduction",16382,32,132,1,0,183,0,12938.308715820
9,"teams reduction",16382,32,132,1,0,28,0,12941.193580627
9,"teams reduction",16382,32,132,1,0,71,0,12925.696372986
9,"teams reduction",16382,32,132,1,0,1218,0,12947.642803192
9,"teams reduction",16382,32,132,1,0,294,0,12938.499450684
9,"teams reduction",16382,32,132,1,0,1,0,12943.601608276
9,"teams reduction",16382,32,132,1,0,7,0,12945.055961609
9,"teams reduction",16382,32,132,1,0,1955,0,12944.257259369
9,"teams reduction",16382,32,132,1,0,758,0,12942.397594452
9,"teams reduction",16382,32,132,1,0,114,0,12939.655780792
9,"teams reduction",16382,32,132,1,0,11,0,12936.854362488
9,"teams reduction",16382,32,132,1,0,3,0,12933.051586151
9,"teams reduction",16382,32,132,1,0,8096,0,12984.752655029
9,"teams reduction",16382,32,132,1,0,44,0,12934.505939484
9,"teams reduction",16382,32,132,1,0,17,0,12935.304641724
9,"teams reduction",16382,32,132,1,0,5042,0,12967.205047607
9,"teams reduction",16382,32,132,1,1,758,0,12936.604022980
9,"teams reduction",16382,32,132,1,1,3,0,12939.989566803
9,"teams reduction",16382,32,132,1,1,3140,0,12955.701351166
9,"teams reduction",16382,32,132,1,1,1955,0,12952.649593353
9,"teams reduction",16382,32,132,1,1,44,0,12936.854362488
9,"teams reduction",16382,32,132,1,1,17,0,12932.050228119
9,"teams reduction",16382,32,132,1,1,294,0,12941.145896912
9,"teams reduction",16382,32,132,1,1,28,0,12937.700748444
9,"teams reduction",16382,32,132,1,1,114,0,12936.794757843
9,"teams reduction",16382,32,132,1,1,2,0,12937.009334564
9,"teams reduction",16382,32,132,1,1,7,0,12933.802604675
9,"teams reduction",16382,32,132,1,1,183,0,12942.051887512
9,"teams reduction",16382,32,132,1,1,8096,0,12993.907928467
9,"teams reduction",16382,32,132,1,1,11,0,12935.459613800
9,"teams reduction",16382,32,132,1,1,1,0,12940.847873688
9,"teams reduction",16382,32,132,1,1,1218,0,12943.148612976
9,"teams reduction",16382,32,132,1,1,472,0,12938.499450684
9,"teams reduction",16382,32,132,1,1,71,0,12936.651706696
9,"teams reduction",16382,32,132,1,1,5042,0,12968.754768372
9,"teams reduction",16382,32,132,1,1,4,0,12935.292720795
9,"teams reduction",16382,32,132,1,2,2,0,12934.553623199
9,"teams reduction",16382,32,132,1,2,71,0,12935.149669647
9,"teams reduction",16382,32,132,1,2,17,0,12937.498092651
9,"teams reduction",16382,32,132,1,2,472,0,12935.495376587
9,"teams reduction",16382,32,132,1,2,5042,0,12965.202331543
9,"teams reduction",16382,32,132,1,2,28,0,12935.650348663
9,"teams reduction",16382,32,132,1,2,44,0,12935.793399811
9,"teams reduction",16382,32,132,1,2,1218,0,12941.396236420
9,"teams reduction",16382,32,132,1,2,4,0,12943.255901337
9,"teams reduction",16382,32,132,1,2,1955,0,12952.041625977
9,"teams reduction",16382,32,132,1,2,183,0,12936.699390411
9,"teams reduction",16382,32,132,1,2,7,0,12937.045097351
9,"teams reduction",16382,32,132,1,2,758,0,12944.495677948
9,"teams reduction",16382,32,132,1,2,1,0,12934.541702271
9,"teams reduction",16382,32,132,1,2,3140,0,12958.800792694
9,"teams reduction",16382,32,132,1,2,8096,0,12985.301017761
9,"teams reduction",16382,32,132,1,2,3,0,12935.340404510
9,"teams reduction",16382,32,132,1,2,114,0,12937.951087952
9,"teams reduction",16382,32,132,1,2,11,0,12933.850288391
9,"teams reduction",16382,32,132,1,2,294,0,12945.044040680
9,"teams reduction",16382,32,132,1,3,1,0,12939.846515656
9,"teams reduction",16382,32,132,1,3,17,0,12935.793399811
9,"teams reduction",16382,32,132,1,3,294,0,12941.145896912
9,"teams reduction",16382,32,132,1,3,5042,0,12971.997261047
9,"teams reduction",16382,32,132,1,3,114,0,12937.748432159
9,"teams reduction",16382,32,132,1,3,28,0,12940.943241119
9,"teams reduction",16382,32,132,1,3,1218,0,12944.090366364
9,"teams reduction",16382,32,132,1,3,2,0,12940.847873688
9,"teams reduction",16382,32,132,1,3,3,0,12934.005260468
9,"teams reduction",16382,32,132,1,3,4,0,12937.641143799
9,"teams reduction",16382,32,132,1,3,758,0,12943.255901337
9,"teams reduction",16382,32,132,1,3,11,0,12943.160533905
9,"teams reduction",16382,32,132,1,3,44,0,12940.657138824
9,"teams reduction",16382,32,132,1,3,472,0,12938.153743744
9,"teams reduction",16382,32,132,1,3,7,0,12939.095497131
9,"teams reduction",16382,32,132,1,3,1955,0,12942.147254944
9,"teams reduction",16382,32,132,1,3,71,0,12939.894199371
9,"teams reduction",16382,32,132,1,3,183,0,12937.545776367
9,"teams reduction",16382,32,132,1,3,8096,0,12978.506088257
9,"teams reduction",16382,32,132,1,3,3140,0,12955.200672150
9,"teams reduction",16382,32,132,1,4,472,0,12943.100929260
9,"teams reduction",16382,32,132,1,4,71,0,12936.794757843
9,"teams reduction",16382,32,132,1,4,1,0,12937.450408936
9,"teams reduction",16382,32,132,1,4,11,0,12936.949729919
9,"teams reduction",16382,32,132,1,4,4,0,12941.300868988
9,"teams reduction",16382,32,132,1,4,3140,0,12957.251071930
9,"teams reduction",16382,32,132,1,4,28,0,12929.046154022
9,"teams reduction",16382,32,132,1,4,1218,0,12949.800491333
9,"teams reduction",16382,32,132,1,4,2,0,12939.405441284
9,"teams reduction",16382,32,132,1,4,183,0,12933.552265167
9,"teams reduction",16382,32,132,1,4,5042,0,12965.905666351
9,"teams reduction",16382,32,132,1,4,114,0,12930.548191071
9,"teams reduction",16382,32,132,1,4,3,0,12937.104701996
9,"teams reduction",16382,32,132,1,4,44,0,12938.594818115
9,"teams reduction",16382,32,132,1,4,758,0,12937.057018280
9,"teams reduction",16382,32,132,1,4,8096,0,12986.052036285
9,"teams reduction",16382,32,132,1,4,1955,0,12945.759296417
9,"teams reduction",16382,32,132,1,4,294,0,12934.660911560
9,"teams reduction",16382,32,132,1,4,7,0,12939.405441284
9,"teams reduction",16382,32,132,1,4,17,0,12935.340404510
